bread @ global warming potential (GWP100) @ -11.69,corn @ global warming potential (GWP100) @ 5.99,corn @ global warming potential (GWP100) @ 12.6
-14.216981258898336,8.531033487575503,9.846657752569408
-3.785016133631766,3.627021606214432,14.16529344352478
-14.93116859951092,1.757099984310643,14.198995630424164
-4.661124837571599,8.482604166539039,7.8048823710437025
-27.264318463016657,7.596822992256636,12.790818148210697
-16.637945198961297,6.865538547627811,9.370875325333706
-18.211133484723703,1.630840375514247,15.03671622222847
-20.93109506293938,7.527401370061204,12.857322494239732
-4.3004621364926985,2.4031338932436497,17.452527333298367
1.252819004649865,7.596494317674951,13.186247730765587
-2.5290361701267123,3.393046939937268,18.091529924772175
2.073934947683316,11.068881226155272,16.802916083062044
-24.402377544422823,6.108352588721555,11.379199848687406
-16.7406986971222,6.495401748971766,18.507038026380123
1.1323173329656644,7.094447871509905,20.434740901097786
-8.12365489233276,8.587123787613889,10.370772404287933
-14.396698735460587,9.228400551997495,10.941007350773646
-23.27683552377833,18.37363269640812,16.828167940035122
-6.1115256225602685,11.37307184986116,11.000335486747225
-5.0158552081154575,7.083244592990763,21.098478831677113
-8.392805266003187,5.538983553641058,12.203520446374325
-8.831688283581114,5.301443487159828,11.633455243273492
-14.757106488726016,9.851624691845164,6.405889969130788
-19.28927514664067,5.366094509228811,9.513287060021716
-13.834227850061223,1.994139694005069,23.14791905188654
11.136601879071266,6.592331755623069,9.671048397338591
-19.248344535991336,21.98215472115793,11.610501002522295
-14.61070216321702,10.876824681129762,13.870640558061286
-15.436557154124568,6.284940409077236,17.028956258929174
-9.927587076163867,8.762956776635924,7.464998881119041
-3.963022638163388,2.465598507531436,17.18615437390914
-15.890047520166098,5.554265494910087,9.127563331832436
-7.500556496651441,3.993034759024803,18.698176976234254
-8.596076553982611,2.110641752146248,12.33300056501971
-18.824984432338223,5.105140648942296,19.75671393526897
-13.239715525143591,5.66237968611015,12.50369328095128
-15.059216520757166,6.120771735022963,15.930602608417175
-13.54686874084728,9.64965948841541,14.28549906132747
-11.91058383001664,5.605747236975353,13.788211931746353
-16.795831626291182,12.139743794884197,15.44051044823749
-14.95841749229242,5.603384962496991,3.704949119494393
-10.678658433750888,6.959289146725787,25.248385044790865
-22.12136813313792,6.041834326394699,49.84487489374587
-9.726848183202913,3.818058246007226,14.3960806446355
-8.910343892604898,5.5563055277878295,8.28051203953754
-1.2514287666012076,13.55923077324172,22.826284491399228
-13.072146345182867,6.476943567172591,-6.941728769495519
-7.814405288058012,6.175012830143338,14.289971308968827
-8.556558515445118,9.096995611660054,10.364309231794541
-6.52163348033686,0.7412167042136026,7.617149415830255
-19.726650033610284,7.703960587573384,8.38295708881001
-9.76717651970166,3.1345238760245664,7.1045952052584145
0.7075100130040592,8.44027956014931,9.968115566680181
-15.509948968277056,8.214511316300772,7.822157131585579
-8.819490183788957,11.384065426628556,11.32913845562683
-2.20464371029456,4.854522067682203,4.428593172415182
-1.6808660961875024,8.264833870178435,4.072328343388046
-14.925367262568631,3.162933757668416,16.266884452840426
-7.660060816851525,5.343596284455246,13.446889215962027
3.571758440392111,4.937538179455075,13.130732748689908
-13.067865473857502,7.907385942759017,17.84725592309376
-12.366889361182022,5.662876590313791,3.9663494760446882
-20.211989922696123,10.493237568147872,18.12577084471177
-8.064758581623597,5.444156088325819,13.443987476026381
-6.68183707407842,7.588665260436836,7.321553346276566
-5.5038679937742,6.418693097867161,23.822459288705026
-12.039699365606396,3.672839907663617,10.208386959282272
-11.575850960097252,7.77377787983875,29.13665056948239
-18.60331134337213,2.921156402825576,23.465615092214296
-3.3888186993627443,3.565084218218776,11.784373233383835
-23.218730938860546,2.585806047897151,8.956836227149607
-6.409329102517198,11.053911020607671,17.555376693891237
-8.90068336230309,4.75528386883134,10.887570219729898
-9.444040648487572,6.770042126164137,26.53672951911627
-10.119793428444122,8.484241051173507,10.848246016303182
-7.705830948912228,11.823073976003638,20.02989738891072
-11.59861446924032,3.770007149588014,9.569586894523049
-4.207197577094277,8.85810685319312,22.204669337893726
-3.7392412345242647,8.34340500440894,1.9502333409839947
-15.397830935760537,6.735325799423199,6.237141777187921
-18.004005331528994,15.86504497615492,9.698193072793215
-10.75046969792325,4.066865907292769,14.018453774296614
-21.24080657837083,5.354072354261146,18.09287900637976
-13.649940080325916,8.234475084226082,7.546636260197854
-11.009523732220169,-3.471939067535227,11.758487401130662
-16.033051029797015,8.416074415221555,11.347702395318054
-9.037865245706348,6.910400732312056,14.228571778856422
-26.50669713901929,2.966165714290094,16.099759965056762
-16.382586346456407,10.03604275805223,7.609574123536159
-4.4424620993782895,6.902897334334254,9.885807904070274
17.147500529441295,9.333592378395918,14.806593810573187
-8.214852714576987,3.1066945594690805,8.04215653168885
-11.331755679909064,-5.464795813210591,6.678911744689032
-18.702653127634917,9.53670890550041,26.121704374495017
-14.044879328988564,10.69683411941842,16.184550931096144
-21.17381759678109,2.6980502898259227,33.15207658755941
-19.66126905231081,3.867645041422128,12.362898465988765
-1.3892047593042536,3.867616824873999,12.38708348911495
7.439561661766461,6.856078967889673,16.087280788151602
-15.249513733382225,4.949373926432045,8.80392011117628
-6.102722651917913,4.284885899973071,17.94100592582706
-9.626064867523976,5.540809459727207,5.41968719782146
-17.697092417606818,6.733904022217093,15.778867117171915
-16.56334058516194,9.01044859871534,5.732018922339959
-2.7377812631052283,10.793861325800783,20.743375293319296
-30.57860893103664,10.696762356850678,6.658566254482896
-1.470005358507322,11.970542049594457,13.836570211972987
-17.824777752616438,6.218681972244132,6.2821311440741745
-0.9148587940765224,4.225398824776454,6.782544867503731
-15.462199977610736,8.150400112633843,18.178939402950206
-8.265449009766213,4.863921253595724,11.115088204624573
-7.850169216368293,6.033313054314024,9.7404826905246
-3.920868131402198,12.244689144176668,13.831165755845447
-13.97826693338751,6.228997405814353,6.452347748292074
-3.720865696036457,8.977157882902873,13.840201000507442
-28.24733797144451,6.656305925598415,17.97439190853244
1.857358330749479,7.837280365447757,10.65622104079565
-16.475777310898458,8.422338666549859,17.015327003724217
-0.4343476380797542,11.145316021270665,14.939430528580136
-9.476103376252938,6.425249561851068,16.308081168559063
-19.742861720783697,12.83200678410162,4.773535106609124
-12.061233733170404,15.23949549279475,10.7674116525646
-3.9950509479134,13.779530593825092,12.98546442371097
-18.923985819642954,13.690552581712314,7.761210842285517
-1.3574918231035389,7.072798425456101,13.393095429627923
-16.000093410847747,7.376507899275824,18.613501174936662
-8.273836955059135,2.862179087436233,6.31907593276468
-8.339959619657874,4.653849190469446,11.136500194900544
-2.611930605019632,5.141089241619698,8.569819274747477
-8.198884287186615,6.453148899030337,13.811971910788067
-7.040972845467861,3.704558136182042,4.8080460603548305
-5.2697608988891655,11.429359029099986,12.999924125690875
-6.156432684096714,4.1243435033041305,22.80726752936743
-8.266744171255418,7.621796039894247,13.187725904690357
-15.57540015227154,6.0448125653521565,21.49134963366337
-4.40841775725754,11.27909109749508,16.364061334744164
-11.368070946878865,9.14210548757422,9.60971759265049
-0.2888152453878785,5.395688374406658,14.980550886998397
-15.97452402731398,6.750789167843906,3.6509145037806365
-3.3324091566969987,6.20446150237988,8.58629880405078
-9.172754474040628,7.543170491259931,17.778897032821888
-10.199501508614109,10.718204161391014,26.898909471185366
0.794246751337301,1.779002964568838,7.49118292856845
-13.067250684092611,7.207230632838353,16.252831052515262
-12.07025401317026,7.9101163378749,8.772077302723332
-28.90793910988913,4.81581615625115,24.32480058696006
-1.6961357430779174,3.279240506280723,25.58684632613335
-40.23821718487857,9.216957131659534,6.3951816777033095
-18.018158945484448,6.700731289267361,20.788793627559734
-10.67845432662133,10.115607261297496,24.392138971540156
-9.683632365866751,6.827980370842203,15.212206924109758
-28.06366347477905,5.055547541129352,2.0259851771423043
-15.44635629255541,2.419040638129449,19.896839163989508
-5.529052430825286,0.7705831447611464,12.844092459654961
-22.791815802571584,5.050651982126063,5.708914336260601
-10.466527784881238,5.4857224903817166,17.89374483755523
-6.428424070262791,11.028668874772473,28.257091520226467
-16.913212361828194,1.1136958450684649,11.019539669538048
-17.51845681863844,7.866213638788478,18.673621697813093
-21.40188524338457,8.204656646264638,16.27212808852413
2.4490106733987096,2.469013621986469,16.95097894427185
-19.95277621735058,7.1286899800142125,14.581935017807494
-5.880011157358208,6.897034231639877,17.496837730756916
0.2828726169390592,4.382732533512611,8.879730505779081
-13.35130872519095,3.241121666583465,12.940182591410691
-5.50003386364886,8.539048571537325,5.292437426940803
-22.12443673398316,7.872687935637534,16.045282968917977
-11.442773135994642,6.024323441661386,21.014484181068724
-0.0461066012413979,2.8833195506042872,11.291806225812241
-30.170695207559604,4.86020554011521,11.218360002566346
-13.978702757990725,9.04241639667199,11.925227464797231
-19.908825784284293,13.330144382327852,17.473021574216922
-14.545948409526067,4.2102068530533145,18.205480189180236
-18.373308818923185,6.444480090717792,6.680736831444706
-19.74967274362814,10.80450739140289,10.627609239389525
-12.675001278243316,14.62116826917262,6.239782623791841
0.8013272739814106,6.297704324494722,13.761960618293115
-17.503570243835096,5.003205823880377,10.931745895976977
-10.871865728854734,6.6028159128517405,4.688300796618824
-6.08306412296024,7.403973121442877,7.798381196782705
-5.619779026480634,3.531649786053704,7.455568382273398
-8.487662138443472,4.95365517199072,11.687536810391485
-22.355027230308917,16.92573895873354,15.433172459955792
-3.5334294693150694,6.032974711776641,15.919113791846124
-6.515140925625795,5.116829300143387,4.703061475559473
-3.78254020917726,13.360174370523906,10.474497572873545
-6.435539206434479,0.397000124856709,10.277029412450165
-17.527660267740806,9.229100650496148,19.13504797375301
-14.523348285971224,5.681149921331293,15.554280121382563
-20.67310223428769,6.634455521385969,11.093633356361426
-3.242183051706358,6.903559747295915,14.270017928559465
-16.942490959504095,6.519612136731799,24.478459675967695
-18.689522044385416,9.452402982165196,6.963605476002417
-17.900970945401177,7.3450132618793695,9.063642615668192
-7.630451712383005,2.172575744048941,14.311644640998622
-17.288519327840106,3.968522155484534,23.448893524169954
-3.799325863686089,9.905338807846231,9.235776466091497
-13.230022341868386,5.219438152897688,14.678269843059923
-6.563353328879729,6.904760907779894,13.65127550263475
-15.66169111618422,7.72494782392199,6.495983881523889
-26.95374841312548,5.209516938281212,14.185350065958618
-9.686272319598755,3.392527211746902,11.892236099484514
-7.692220755969929,6.772974300719445,15.114288458378232
-10.64307248643122,6.626317750943636,23.88425198702071
-9.867731233660926,13.488523798699411,13.370162229312662
-14.402770989751971,7.167297098860696,27.22122803406418
-18.45853037055908,7.935425253812128,12.357972562825822
-17.21760944182435,10.275624407167,19.138771951246895
-9.314052957416417,5.841716934341337,13.882870046460653
-3.5541076809054406,16.4415527775591,19.215649986538736
-17.508558105734274,0.2475663428427466,4.519650944447019
-24.17880320836665,6.279468669146182,8.821609314082894
2.0651035590478948,3.500541181385642,10.847334078832375
-11.239652825396805,5.260006302987911,22.249550273278153
-9.907290341596116,11.96033120360316,7.559167985845386
-18.830655906567053,6.661123284492068,11.74847415267656
-14.02802224697408,10.867993957000172,18.761323788187514
-6.564895661520207,1.3592751932671088,14.269076055240607
-6.751788728774473,5.860402510808799,7.2977141075660334
-10.62498909975108,9.427770934207263,9.025523115067692
-10.9422597246301,2.0098965809766227,6.827969159917226
-16.02138077157717,3.3595488231191992,2.8559739233666104
-11.293019485241132,6.932920971768963,8.939700223757626
-15.415825663999916,7.433576105886587,13.625571494876421
-15.6549540179507,6.80767681922714,17.024392363301047
-9.546376245654322,6.080753648691536,12.336370353177456
-5.171435680478588,6.162301426169176,13.70782667312613
-3.8665855727207976,8.039947782949135,11.32473155564253
-6.920044557042781,6.270497086050835,7.1700004543708244
-13.749006089454015,5.0922552258085005,7.116599309925513
-8.482387733063838,11.352244663404228,11.184742721495939
-2.2154463126839925,11.11403047849952,15.192207449843805
-16.836170572839272,10.18839621494997,15.20261011681064
-10.036000327891,8.419638522325458,20.684002061953926
5.621497771034974,1.7337704747737377,7.027326911619209
-16.90806270027946,13.517021796611427,4.543002817212681
-10.587142854012084,12.403381240563334,33.17092547807691
-16.41958214115647,7.72384884879538,15.278495573042115
-16.176166058745736,9.687609387268886,26.201287606031222
-9.12500325401512,11.440121178137112,3.447007900184618
-14.030664179655997,3.6122278912989954,9.377246844431294
3.804965775720942,11.36929660857798,20.55515799398513
4.853873229438008,9.036341662921805,7.617759417753911
-18.53412279123362,7.778362021725366,10.625159844333702
-13.215540261351496,5.652705609432539,23.381524442312106
-10.807563818981714,3.420617089825034,13.159415010806615
-4.2823864019023565,6.991224672762501,9.48991218872794
-2.205241832019391,4.309639063758356,21.777805431620344
-3.6652194290685465,20.387664542140133,11.527840260181275
-15.010458879870557,6.715183396798251,6.350115086987941
-10.178500296923083,9.129489472591043,15.478877960808685
-8.935775244056375,4.882887955096589,6.657879438180643
-4.023923996198745,10.54801160562538,24.70371008410641
-6.049774973107397,8.671474583735092,17.738150625265842
-5.484624075499788,6.507107157662999,14.430534064470145
-8.509070128655017,6.136237685588274,4.87052363969591
-3.939558771502412,3.2805460364099,4.947520652865781
-15.000059397033256,7.084095050393865,5.731917711021395
-7.800633146741294,11.32470306468677,3.392914669371165
-29.847484115172666,6.28523325311428,28.754341021940434
-4.213679391097986,4.279526404471027,10.851510106892576
-37.56385922920803,3.5316888929829173,14.130524343138568
-16.1180160157085,4.654178450415944,12.438819772985763
-1.210843703025354,2.0711039844834915,9.220380612077706
-19.37220548108268,4.223478276138337,11.944793279466914
-11.275220862746338,5.941604173897121,4.328169041771628
-0.3139344756884878,8.181841129865523,5.958084472422162
-15.16488831615071,7.334306278701577,11.310986839513868
-19.86623495662596,4.93527912631828,11.691459927846601
-9.258338792102592,5.242505378126849,10.019134851832405
-1.8341849569323132,2.405289712216548,7.685050743281984
1.7103415793856334,21.947391406431123,10.038119289966119
-1.3150937134756813,3.5586683162337507,22.041645593542047
1.2863360221116875,1.926623723791448,16.88893332806331
-8.06315086734255,9.230765228014215,16.615344916024938
-25.85971973759708,10.30442138813735,22.618759573466498
-22.755331209714207,12.894138331250632,9.255030165482182
-27.861297457104868,5.1820751456261895,12.382841121428001
-16.798213367142957,11.52246609807217,5.745943570774167
-4.284702914354229,13.337314830327546,5.309681150686945
-9.988952294323935,7.607941974095317,12.87966906745428
-15.921672445743152,6.225735264297494,12.470491198135116
-3.4661280684833877,9.904943976447491,3.720838578729935
-5.123703611372607,4.192248014810204,22.246078214337516
-16.054559735425606,7.443340023442568,13.620201989525938
-19.94832314508614,9.273441725584371,19.558217132476162
-11.531034158803864,4.479175409682767,7.203456564137527
-9.55015568961798,4.8301772753774985,7.9927385483170506
-18.507585870090928,0.1290247532963984,9.359143952899883
-0.1360010375570777,4.9480240863359,9.18399624873517
-3.1448257302611538,3.3095547600939086,5.768874574345443
-8.020344051775032,4.9163398956859625,17.209262642031657
2.9382701892451677,7.003198768450829,15.30090140812418
1.0414439401900584,3.418997830811846,13.366168946801508
-17.564650382642697,4.515054071822201,22.045261689273453
-5.94505425332012,12.55530029031741,11.915139286331048
-20.36102740664148,9.378277381942674,18.196471680120162
-7.453550586415963,4.753783424689512,16.654244102404242
-13.296038181446182,7.944915491019474,12.98007379204692
-8.17075277871757,3.1648191452418115,20.809287994383173
-6.792143509554867,5.670682269975374,15.073013023286475
-13.21510281361347,5.568144285689284,10.227090599309156
-21.550642847634585,9.347282811611382,6.628025540539321
-3.2187865599260483,2.3983731964215265,17.30854721306812
-15.331667324530033,1.5668868739716295,15.985971359680725
-13.60894833199952,8.692223082053466,14.908105205455215
2.43941543476908,5.755227473117872,12.101683818681856
-10.797836993055872,0.890374001565497,13.056368516155203
-17.073419983044847,5.746776450544534,11.199886189930023
-32.93027104731634,12.93216959327458,11.193743527105237
-15.147963134920342,4.035863031520216,10.175231229357134
-6.17227106887348,7.935535162007043,8.852055797387449
-19.364827558680567,11.788296230217128,15.645329166579078
4.174652714364232,6.368654694943431,18.639872145118034
-2.0474463265709693,4.028885668694629,14.296204883175601
-28.756095117283976,4.836673616195586,16.860526715898054
-19.177049715810167,2.521680870575278,11.492080115596023
-35.77481273688889,6.292242530620593,9.466621401165055
-19.334515256267675,13.65006936820484,26.975154925583496
-8.328428528308962,3.827143318300736,17.95775240017657
-8.267458216862842,4.837115404654503,7.039003443007978
-5.814135861610181,8.312994031250355,6.961877627389225
-4.0435617872532,-8.250788725229052,8.611515008027684
-9.897289552344503,6.545527306563777,20.854546226842068
-12.770848255126868,8.145626227215438,12.94709823637295
-19.327321110546947,12.14261177177542,11.678881229192866
-5.354721971075076,9.244715243313928,11.962591388680147
-1.040629798771416,4.929411894747423,13.923575471841485
-14.612358245629608,5.501047240036039,20.759044525668177
-8.83952517174755,4.747303105116992,8.53183677244657
-8.27240135172811,9.601986093043802,16.095420310686038
-40.8735676466974,6.790218124743681,14.505045686304836
-2.619796164391621,6.636337984207238,11.317157246889233
-2.503750719035469,14.155034270273887,9.21602958736466
-5.133130691505976,5.688655287390252,11.988369788294461
-2.4187119513473414,4.103232128762586,18.22907138391323
-7.804744906337912,5.837013402354644,10.913894649982973
-9.521136473236442,7.274726771875489,11.101091064073945
-12.172794173627688,6.340896522261902,18.021635052338368
-12.086333521637368,6.724594345592488,22.624487281837315
-7.961302217461262,9.253232086113984,17.366881459860267
-3.710218346654349,6.984390592729811,9.979322762875846
-12.122064008878542,6.9155305004893135,39.90544212025159
-7.129204524130872,6.30571627458172,7.700159793761516
-1.873199720251324,4.305391586519288,16.714869912419125
-15.767528625571256,3.9861788809002143,7.9314361961775255
0.2295970516667704,4.036488348991027,14.831590897252632
-14.202428530755451,14.835341099590234,3.304231126390679
-24.37666240276438,6.822409182641108,8.533523389955203
-10.936000114611549,14.005752067915513,9.933539421927554
-11.09686671473159,8.278631059001967,5.4293439179354515
-9.080211399655132,5.5690238152203095,18.54406325604466
-8.347247366851825,5.579315584618519,3.7866520548002143
-7.677230203507682,1.0715901564800578,14.506163172141285
-7.189358308866865,2.878972610180952,13.045970942293444
-33.53142629687509,2.865079243375293,4.67635796354703
-7.171247092919396,4.053282912960195,10.718618649587189
-0.2697736403905644,4.557668697983539,11.68942758651372
-12.961189306037165,20.87720509865459,9.270746698857673
-10.793989485811064,15.05265292934562,6.644451989026454
-2.150803136266477,3.963184302294201,10.591318627611205
-3.8419774518864713,2.0219033252821013,10.17837185586967
-19.53220523041388,4.162440041530235,6.308289558727475
-3.082222353775084,10.885825588061248,0.8914847968935226
-13.572771039061482,16.87115611607966,19.269361915297278
-6.660133956430547,7.946098834163633,9.50374634424923
-12.604940321553888,6.29673292596883,5.562918757738775
-0.1402045148409101,5.002693312707093,12.24908681040122
-8.568929044490812,5.038431601861839,10.599223929190417
-6.961585309279762,13.485182359759106,9.457562673554799
-3.1136875127418966,4.373373285039694,18.418301661092762
-7.131817635023667,4.58650435968773,23.455164885905965
-7.829372646218447,8.130897508517862,5.837137661071461
-5.246422558229046,5.454922310162616,13.32908382060985
-18.55295239486455,3.693307075465179,14.486859678340034
-35.58395625740307,8.851024220685957,30.038993691178625
-11.668025408332143,4.552363546094899,6.527213317998095
-19.264370747278107,8.261020972824953,10.421363464030426
-3.881379988712235,12.498260494815392,15.362942177830366
-13.912336019851082,3.856579606371117,15.569605079725822
-2.185085584431828,4.36895890126758,21.384595207160533
-19.35769231255696,6.084295576876185,6.393906968053001
1.7447234678329089,9.348850839081155,8.979230035506452
-0.2690442840546252,5.165930563149114,5.932472189146718
-9.115514756570075,2.329089523249698,7.728491026033646
-7.6164880215867985,-1.4795450658365,15.932986700909865
-1.0069900560281972,11.16002555384716,21.42152474272929
-15.54919328217687,5.440052529671211,6.0131508309531565
6.706891296207947,14.86627767878434,15.206043647025817
-11.874581320190437,5.749520559460754,13.145955826660321
2.6240392507527943,5.810701116474711,12.08688248865636
-14.620031868435936,5.8675366389941885,19.315729932805873
-12.916961471144116,6.256299391492927,7.910067443257018
-17.491836142519766,-2.7500817071641155,16.33234640127449
-12.118693124713596,1.827152322395244,9.377903321189573
-3.827118503134093,1.466198434816696,7.548245653022244
-3.681566694612165,7.762964724504606,9.864653889506267
-26.66172000307651,4.607359702717638,10.50010730636536
-11.551622149989155,7.882268490088582,12.416289654209994
-3.1924647837109017,0.9382131509847548,24.58150167100598
-3.4520202206990565,6.492294081021486,7.302376618833584
-8.958579388752312,1.3202818992680323,10.617160890235017
-16.824908114225646,7.8713846849198035,11.343762887370577
-1.815522882961087,11.483357561246478,8.248597598062934
-17.15014386917443,6.461997608417446,17.347712141804347
-4.521115734728696,8.470180857814494,9.459320348220306
-9.799536465735152,13.498223461312318,11.872877411042765
-3.699911884604155,5.9949124240489775,13.918922507688286
-12.116133543088036,2.243927737296984,12.922310500642581
-39.34462371608007,10.242731928888754,12.163886062025387
-13.250513227277755,3.251187548773178,8.34496271607796
2.584928532717237,5.9704187110296045,27.66153309574255
-9.782569893104458,5.537939166025382,22.242904292435064
-17.043771832763785,7.141180932347668,14.351331211095935
4.381101445637216,2.7084479586634345,11.664707931771924
-12.956101689197752,6.472677801615739,15.335718187209045
-9.203798794822912,0.3475096976181231,7.854814943444412
-14.031693745318492,5.514796389241276,5.241632018365191
-5.208856334839707,-1.66845374835884,5.272848007769168
-7.850885831293887,4.536269297179055,9.668489765603915
-13.00972475820987,10.829030512138203,24.666032522689324
-3.3842045347278287,5.070717578672272,14.084259337493956
-14.067943896232713,8.625257719534094,6.555114280303011
-8.523847119740177,8.73791172784294,15.990560062088523
-5.953820955685191,6.00677889123161,15.166157392050266
-10.49373571550586,5.234259319794991,5.4245169441934475
-3.3542717485072284,9.98498743719183,19.43619271720583
-0.4810044202304482,12.254823929695927,5.6403911790770955
-9.41835696178796,7.210796393507298,8.663545842606638
-6.536873487372838,0.2764470081114374,14.869734465842743
-10.316781426442809,3.3121616854437272,14.062711563049975
-8.13151940079027,1.366196801001506,11.95466505687026
-7.988446593192265,6.982755453057043,10.543164599174318
-4.382874344535873,9.19393355961418,13.722256052853213
-21.32623879655511,5.887517278152711,21.201194969320305
-5.810891876541212,9.584444356701562,16.382299196948807
-6.983135441695406,5.961021032463144,19.121862278331296
-9.632764313019932,16.802234902290134,12.494479942535929
-24.619608519783185,3.289028850706689,11.311870700097312
-4.046786422248879,7.701785115480849,18.972773158852277
-21.579501107079665,7.294590998597335,24.321497655052468
-19.78097859617445,4.966316060527374,16.01446686043915
6.167279346499848,6.845786437299447,19.092485018820533
-8.000115210247738,4.4402291618537655,17.486955741118024
-18.513405598655957,5.691739161755843,7.510871891274641
-2.0424160522680213,5.47399719338901,10.17273105799769
-4.651508322550825,11.060814555080729,15.778170685599076
-19.63797679371533,11.905441399373291,13.238716724069718
-19.351900960528397,6.844313963371424,13.803327435657987
-12.65100666892882,5.829974189874283,9.920737533712762
-7.105277254613739,4.980664922260397,7.727973333732878
-10.879763823942117,6.098060952792181,13.307380305474553
-11.585779150344669,9.04370046126575,25.262563210319485
-6.5706626837079884,4.74511111935247,16.906070987128917
5.8465095289876325,0.6743990314686452,12.616954666028667
-19.984521586219994,6.278292835218762,29.18241395604581
-3.636691133836271,6.380718254466703,12.801292686019998
-4.254155814575382,7.650130736346346,-1.1112125134861772
-4.838386913537981,4.378601235136684,13.237558588041054
-1.764923150073605,7.160614303339284,13.306574060324202
-15.967083161401622,5.921751634104007,16.837913824650933
-16.603032528212033,8.98702319898728,8.547958752258108
-10.977531078706557,4.739950736491483,15.364002388881733
-10.582193260238054,3.169575923759102,2.6715102891440203
-17.575459978269897,6.150465645820756,9.449752171103844
-9.279300674415571,6.396145434895306,16.74340388216402
-8.942471320130068,4.990836395009628,19.514081007649267
-17.083862880288194,6.560890521370792,11.498472894997931
-2.34665442160542,4.8541275078250425,12.485030348006156
-26.346843826001887,2.74655514532796,11.170066374331308
-7.206302257479027,2.433081690599016,7.1002205555120295
-26.74670961915277,5.705945489391237,20.63530103640372
-8.890286574720609,7.039143385821987,8.578250226794937
3.335011687690489,5.7788130023965705,21.85013979009406
-11.829369021405649,1.939725133662154,10.346036048127587
-23.69588671045992,12.861033931113798,9.514245797549613
-1.8891967675844352,9.249252512545164,18.97354615285399
-5.529031252449222,5.596118319647216,23.23531170386964
-11.816767987464816,6.574460824171342,4.5375123339900245
-1.2038092923754302,6.292048500281828,29.18006533656509
-10.088447661706711,5.182781410790446,23.606113789735787
-23.82648554783389,9.962855948537348,13.931153769405451
-16.99786488928325,4.231892735751457,11.931155944250367
1.096601388781142,3.96455867823472,10.606440517167423
-13.842732790081453,5.563675521255932,9.686257558030354
-7.451785688664843,7.52191547099982,20.619815206004066
-32.270082750458,10.003114092068833,23.175012706927866
-18.617411888377703,10.586734958418134,16.616197392935412
-9.54643002434508,3.0566639477663866,8.894530711027226
-21.141373409127706,14.792680478474091,14.477026022634352
-15.886050548148038,5.412065775193379,10.853788212997951
-10.771099111073916,7.331136152490725,12.941196766243173
-15.48473067027307,6.937419810653847,16.13647175722886
-15.699373611943749,6.404136338494835,15.803187555297564
-0.2134795806066654,7.109316785565714,9.533059332285085
-33.793109892206296,4.218387288840713,9.38633402287042
-9.98412754017128,3.4520031438585725,18.0511680270886
6.153331990155641,3.3049077181303463,5.5526113348645465
-23.96310312923497,6.6886464336155065,13.669500692089287
-21.701326959547167,8.761086812511227,6.9761665051463995
-3.249334417190017,7.41042218506472,19.674329090952213
-29.940041376778723,8.41410106954976,14.716555627306331
-6.635790605960514,6.162332838167443,11.775294578231113
-13.120592204878102,9.741458522981771,36.16359666190508
-8.759477537673883,8.680153755091897,8.488741283928356
-19.18811908347903,6.533251021522117,7.7029192651795135
-17.973282676567365,15.048059843046564,13.493911516387314
-13.367835151661245,11.739482870099632,12.99781174549835
-11.280790199088743,9.769996197998864,21.35886878866203
-14.481274449981962,6.438308723963857,15.743045608418818
-18.124132805764024,5.5241540699940055,17.92504055261582
-27.12055621607415,3.496132475419577,10.658163436292558
-13.271025007871478,8.424081096415103,15.696300126609023
-8.104696043291206,4.289023436476706,10.120153182457987
-12.31006302840136,9.1491961369326,6.364951813075086
-6.825084023958425,2.4519506781869564,7.171599278911113
-7.0008259480060175,5.967042176667169,6.687324480536441
-21.169535192357213,8.18495539796894,7.4751564127770544
0.8300081052605925,7.035563870167256,17.17663719395179
-4.841442720960549,-1.2912434489961957,20.257676730814744
-8.593475012191485,5.515167918414303,6.5284674340964
-16.66051835347921,5.033217281957759,13.119156380455031
-11.280908003822526,2.474777039890547,10.858655394937056
-21.473147016093456,5.180226821996607,25.72562447947069
-16.117091902227,-1.2322371466170114,8.69770837607479
-1.2250817116912938,10.588583137423749,9.351885860897365
-4.121827278406997,18.499601992703184,8.476938050224177
1.222915885824141,11.911541733146972,14.212856550251093
-5.839193413515483,3.194850676434722,17.546926022527202
-6.656837685543376,8.831723109597519,13.54039069449536
-7.88403362627637,6.5520886272103045,7.918519740137015
-30.588346009828104,9.066418692785184,12.57998340985943
-12.861262498228228,10.053918798066931,14.655356298330833
-20.623304689588064,7.180182392990227,11.239901814079055
-12.722624157101698,7.60404003040607,6.385131525883344
-16.180213815790097,4.59263498973287,12.407438022070021
-19.19252924822817,4.148782885370348,25.424255971140635
6.601950086925329,4.11133013337493,7.051770876147986
-11.114518041575272,7.61133289672018,19.911250026689885
1.5037963473484384,1.5665546547856826,9.752746573083325
-18.11907728038332,5.524816281109152,13.87936431289404
-4.25352133401058,10.091412097741031,9.629982343263533
-36.54387230500291,7.887004052366894,8.708529506560218
-33.7507821483876,8.148086485439832,17.99249544197341
-17.716245337025974,1.1400237754927462,11.111488785378423
-26.64934484750368,5.390915784460919,15.92495346489165
-9.47547875635822,10.695762983961783,12.116901046195608
-18.13100918184155,3.946022453193052,2.331488566428442
-9.533599499919436,3.570148151942324,17.30141892074274
-16.778644562683116,8.131775025903341,11.075100535674691
-3.598789561296176,8.449706635137,5.047285272619153
-10.33634672028828,14.225199515892225,16.79674772182242
-8.85210068251585,3.667983605173764,18.41072688667606
-2.552812274629199,7.581925795267444,15.810515342097204
-19.91683556645198,8.870584221645716,27.895978052747694
0.1915055212672785,3.845537817847052,13.573624227150157
-8.362637375930667,1.050983152485073,8.853212342725278
-23.490867452284995,8.438400852469766,11.180465739972588
-14.61236857470936,7.442557815165967,8.7452884285942
-25.64618830691853,11.410716349013908,12.600725437106897
-13.678006264074194,16.721856243865442,13.029382893235335
-11.100049973411918,7.989106782332653,16.87774236149651
-14.469230955509524,-3.263494150095698,9.25063854131577
-19.24855386706876,9.423082910828454,23.68050126949997
-4.554606239836062,-0.9827795687277404,14.482542914737031
-2.312558225285054,-0.3531814111361151,27.880298235876293
-2.8100623577058554,4.526501343923833,3.8222879518091766
-11.47380336023494,5.318519105029077,41.182447037272325
-15.413093380208284,2.0007331289342853,20.438054945430988
-14.375563038638797,3.5235077305206945,2.61270429228116
-21.79005939432089,6.321026098865188,16.390646332181017
-4.85529213242285,5.205916986622192,7.062832700097741
-12.266569152275553,6.08186334520803,25.816280234057224
-8.013530049511115,4.064109564358951,9.525871301365992
4.187749644102661,6.532449199101966,9.31183152245597
-8.138313437454883,4.322392238312352,24.439896019061116
-10.66353191615865,4.85064341883704,8.388683568715479
-5.54456097175308,8.225855309536582,20.855696969509644
-12.8747558049256,12.65334270429031,9.937392111405764
-10.138775620923052,13.752054994370148,15.442689052137931
-17.24456694053002,1.423339692054171,9.252927622596292
-13.768188110751948,0.319523202819538,16.847209674724674
-7.807257833611766,6.288644456746926,24.09071031911813
-4.834915893062772,0.2070489053422357,26.179684365887535
-6.705360823299185,4.996419538164312,8.12156877562153
-8.63163815658298,6.03915864636385,11.317355649772804
-39.4000372470418,2.954758968314069,7.426875141946758
-15.486914850429232,-14.954169719062593,5.458641194876176
-18.209637549091656,9.357037462702907,10.012309075231746
-25.886251610273973,3.2562308139507325,7.791953306851248
-14.380234578368636,-8.00142191553911,4.124980534023205
-10.430511394276175,18.71138453905441,12.43292870736478
-5.2692447533899385,9.656092086232547,13.752225948718783
-8.75378941277727,8.568844403094472,21.798870268756474
0.698875464917263,1.5365436690747547,12.05293476220307
-5.525210726607682,3.1811785903917413,12.558851522908334
-15.06265253009336,1.5764583547250202,5.384813768780078
-26.638607468039424,9.848545659578182,14.558920354321502
-17.954450136011193,5.115184242477264,7.394382407108737
-15.083822170844652,6.522417037135781,9.134518214983675
-7.253829913887156,9.80094045236848,22.93347742468362
-3.188046997807561,8.591174479818966,11.36875143962005
-9.328746229189614,7.714172105098777,17.048610903390404
-12.534814213936372,0.339914230757349,10.53153586455851
-18.4902232061944,4.451337882703611,13.235832287985055
3.933074668430436,-0.4653619946381648,6.613278177329743
-1.280749698071766,5.258695618442983,14.446409599743308
-19.200335337371783,8.75752947753284,15.204642113987827
-10.179876083056309,12.04023301137397,8.953778874526346
-13.490996596941288,9.061933516483409,15.1315927392057
-20.31788993349242,1.6006957149549044,7.870729112096467
-14.735040821900558,4.274491733645869,9.908901935734425
-24.33908022107194,1.9787423452149395,22.153112497405157
1.5752849936697355,5.242889947087516,10.968283245666894
5.341381478041054,6.631507552967403,21.262072590814874
-0.159341142913747,12.11703447353159,11.002442691365596
-5.435110825260542,10.066353954571788,14.10805001949481
-6.473340410405234,6.667466912679514,10.016979337582805
-5.528902462204545,2.7437596004843035,7.945953966793999
8.042800996916782,3.2684660275358786,11.714385918068896
-14.92679295360495,5.374222705469137,15.52430501090345
-5.658991684766754,8.122909333824815,9.87880806747488
-11.812261291445918,5.911845411989215,14.174871419851467
-26.098273266279072,4.075399819409912,21.26950722594248
-22.1105830071944,4.964446650718157,10.898569279737508
-16.879834418550725,6.180672964031922,11.299500065684493
-3.9915764527313726,2.9322464742609906,21.952849028979927
-17.324293500043208,3.436974683064143,11.518262764466469
-17.815319962514973,6.687078467841953,5.318867804705123
-6.150550519464074,8.903201859724827,4.369558435103878
-22.244763399904897,5.827066431783961,14.955989946426987
-12.805590077453411,15.467301763264745,7.998294688043069
-13.839484619248344,1.2200244099746187,19.03062899463111
-11.980548001393451,6.252925458485085,34.884612089725906
-11.649455141577064,1.6991255441079731,11.220326538559156
-10.790346762450046,7.019172083669707,15.466305301161164
-0.7843670315833684,14.049500531852644,12.194015196546825
-11.65294875921732,5.980864719256976,7.768921609408752
-14.171838550654964,10.054538084858958,7.8543696868072885
-9.185000570751246,7.114118662525383,12.38093643363282
-12.792773369444074,10.188183211198414,5.6275233760394165
-5.9834992447046265,7.574312373831113,15.570008937029055
-13.40466749583891,-0.3707858076777883,3.623126239890883
-23.011870399782104,3.504914127288956,18.515935850946367
-8.118153928104705,3.084464577380264,10.55378844398683
-27.52610731704572,2.834699160055848,6.52152521177542
-4.510342147171342,8.020070774663264,15.39900582380271
-15.751591026323958,10.604920655158262,13.168606517105719
-1.609112547714953,6.302623420402417,12.457919620326226
-10.44988558749263,2.313716551207208,19.487999621210328
-12.5478891950962,14.16361792827922,11.30113097538569
-9.06547985830312,1.9010253221290947,9.314384226343902
-6.459941669854068,3.963873393961606,10.526483079030815
-10.289132634643586,6.386996794093438,3.2073597000961804
-11.4950799854853,15.854138534938476,22.249644130144386
-10.66687127290247,6.854883815995041,11.331430187550481
-14.288145441055075,4.582948067747359,20.977140211644652
-7.810723574642948,6.820192551390719,11.52114204042559
-10.714668437924356,6.559207168807653,9.898379521114002
0.7928097275607673,6.306769345685035,11.465040574970356
-23.02890203445984,5.528290660595695,8.93741430150492
-6.326146196872834,5.6037289960710295,9.727960114422947
-13.608643737784604,-3.1167445845165576,17.47373473120593
-14.270077880063232,8.351112670766621,10.43484902740593
-8.072669907988239,4.877145441566183,9.648751383586543
-49.28395023583839,11.52326554627657,1.157303535332628
-17.557411007510446,6.6940574939032285,14.14190704335439
1.1761247986334773,12.653275185317698,15.100303830728812
-13.345746573118976,8.018317400235476,15.021118148594795
-16.738823323164432,3.6056670553231696,13.80873415072962
-15.119453741793151,10.032398270759629,25.769800931634325
-28.07935355920891,4.791280812057755,7.7531976983039055
-17.192574457862328,2.5900764878137723,7.1260263166498525
-0.2713251431583705,6.035672312938399,12.717091423077306
0.7456890921899357,3.643303715213684,16.20848858843261
-16.166276812737504,8.743442498717382,10.048326822574346
-0.3029685013180678,12.46948942456265,8.20935469853433
2.361553639384658,9.43719098495862,23.752863704126085
-25.582181896668423,5.249742517237422,16.45969023839799
1.4114877338591771,4.431579736136396,14.521685357407987
-17.401234628230704,7.200688042294641,16.534718750728057
-2.516060047103481,5.767796019770305,9.685439010004178
-3.3672984573932485,2.5555069527123004,5.63051321523831
-19.929978808925824,10.172352189660964,6.246189092552831
-20.639050657240585,-3.1310998653002464,10.560523350284656
-13.370899027238597,11.318949313180406,22.466319755265825
-9.579179976720898,3.770501635286949,12.800882142226822
-5.709012193680604,-0.2686452589042867,1.4611081603571534
-1.8284392667080611,4.339329973962645,10.226283068480502
-4.00166887828556,7.410547641600166,12.676293275494249
-3.860909685974671,5.986032518262872,10.076772479127403
-1.082684232665855,8.319113882202625,11.852675366745508
-11.723335244755342,7.596840937695402,10.982889890091005
-4.991902194966122,2.9870842844396632,14.636801000929259
-17.563415130367147,3.851015165320848,11.616908545335324
-0.8333522681813799,6.23568828242186,21.276537307172106
-24.739862372740756,12.850850774035944,12.686656960120029
-8.93483562075541,6.945099378032773,10.6294696736387
-17.294460147935176,5.812331353693628,9.790592104389654
-14.983524652799154,9.647891555391462,18.264581941799058
-16.183362546627414,2.3501873993676354,10.527320816528954
-18.95687115813432,3.472779224506512,9.372746442410882
-9.426609555685063,3.345644942567457,16.339854681699713
-6.589896636086333,7.722342757672882,16.553061447413377
0.6965948238543227,6.582267835935205,6.479988308124625
-6.712248716020602,3.103726060892736,7.218625783042101
-1.357887789153308,7.126172274551772,11.901366989034376
-5.2825464915523295,10.302894781048144,7.0986814448457
-21.911476171352604,11.08752435086528,1.6203401758346456
-8.306479671743938,7.697352057957502,14.193066615418982
-5.324189684880682,11.519845900502157,10.55457847228908
-10.20806724023979,7.360790115203772,15.910121655789823
-16.071280066670422,15.535181232187746,14.532341318278391
-6.246299385955813,12.423743558034408,10.73505805724606
-2.829147480220964,5.636957872254332,10.08416399123004
7.430476925021136,4.412950706481542,5.293780541100361
-7.098446084525257,14.197741692898903,5.097054525459782
-16.148917725171223,3.3643709211980184,11.963204517382675
-6.098979506624971,2.9964357494349234,13.24312557070682
-18.89530585889584,6.771072062627296,10.261941926309175
-9.999874243858072,3.7421976187121713,10.230081881319443
-2.6928504654023566,14.00236340464523,13.214317386605986
-17.900669972452356,2.628130480246398,13.625371041048567
-36.86990790031847,5.752082509825579,18.251946363144732
-1.8011604277386812,2.8614277251673164,4.563053807796182
-9.848385680949072,15.776850538850606,17.410442292464325
-5.115396570029464,4.094418085528528,14.342122718382406
-10.762098247640465,5.669097747801232,9.300492712077856
0.7202540068163721,8.900062668703486,7.823677105399492
-0.2201073176995187,5.454574333137421,26.816788282417416
-20.21731395263289,12.03575975962434,11.32249488937649
-10.934488870666346,7.636845194910506,29.146215778252333
-5.173767032737398,8.290549203613823,10.296095154744838
-3.8392649263349377,4.534951396112419,10.914319785023643
-35.9770624662331,2.3179321149421943,10.272187208130417
-23.111295443521737,7.639725362609717,-2.564546797006531
-5.744764315277919,11.278998256000229,15.90025371851624
-4.992382028047558,5.065640205278649,5.818824184334412
-10.20346453836165,5.043861471432567,8.897391388805579
-13.040801930574542,2.047955309016599,23.859147988089408
-3.263571314164828,5.339599059043481,24.0005983185672
-5.272289552947635,5.926619946468461,14.111270878918848
-12.446192528422277,6.5096256063741045,13.793853650799718
-16.397514942195713,3.422685842409248,10.193684818359255
-2.764062358877265,5.242656186830569,5.846936748949625
-9.701651940070416,8.562993432078414,21.891619740096406
-3.194841611797141,12.233127332410938,12.511916509929986
-15.52466261577112,3.2030113621831333,19.412629485525372
-16.264355083269344,12.583281315652204,16.308374188870374
1.0962630198951355,1.5102314029324977,18.350743039706593
-5.986046169219979,8.991879884080213,6.4318527845115305
-16.796252367801017,4.250566998521185,33.02788335358799
-6.339150399098553,11.378172370283078,8.497693606585267
-6.36337463272031,4.616632829838438,14.942046772586009
-21.384878771037123,6.535677496652128,15.97092425103429
-18.94993823798016,4.171482345303589,14.372788468873068
-18.64305569639517,6.322777923590328,13.598599690804914
-5.121775453717767,2.536361834958641,7.334895366384107
-5.356215502478225,1.704277859267976,8.030254576927405
-13.19094645155263,3.4949855235991434,13.456674223586703
-11.58918312232356,6.170741003425343,17.965040338192495
-20.499195677563197,3.982968108878123,10.633739656021717
-4.382448647933778,12.661267976406172,6.873879827310792
-11.931233784122409,8.814235828915512,23.103205635144416
3.61527857099234,3.1810728805762114,10.10168546557931
-14.941441478773545,10.254974591079336,10.884761473257896
-11.042630925431522,16.65507527298859,21.4525117699784
-25.7320980721612,4.529543560894969,4.605175221691705
-13.272322102383953,2.9048318449443915,20.365802712184003
-5.851369329480432,7.145889636407146,12.200121259958117
-26.4535385705308,6.829347715830828,9.81861077683011
-16.56663325624066,3.677869887918882,6.236353729393725
-11.747630580109025,7.591111932564482,7.960424479337307
-29.852838326740397,7.811244080815621,11.017400957551569
-16.242069122728722,6.407161992495071,6.612140186958262
-20.575236390020944,4.589405175963907,15.258438027463086
-4.302199175556066,22.766140183271016,13.601024373305492
-8.83554181155029,5.994171492672799,13.997619798511586
0.7209709800815816,4.91844919621459,15.711936579259454
-10.206945298061084,2.580736469454033,13.121341909405098
-18.50323679149896,7.41798914629784,14.953442367140761
-10.04187323224486,4.9020936779223705,5.940098533702834
-7.842684993652801,5.186233858021427,17.72557926018078
-51.50651913238124,4.561646329808084,4.769157456511415
-5.919806551260034,9.33232719180594,23.797874994486417
-5.4517014253836535,5.046490844032992,9.6544018380458
-7.738926979216432,10.149549353509292,7.617494621724609
-7.510698778779492,21.81727026367312,9.23431151872277
-13.123731400674783,8.103129986978807,20.52584399132777
-5.2442807257765445,8.056373115214097,6.9408440259671895
-1.1538024893422607,4.246494931004986,15.990439971126015
-7.335752301560241,0.9747064368980718,13.409890234897595
-16.921279755365575,4.33279091455993,8.87899720332394
-7.793039822212679,6.489366347069894,10.2639024350297
-8.235391362083348,10.492995814556563,10.989083287186308
-17.98923290246874,6.340064575928414,12.290978472351094
-9.156134641461993,0.1832379387244576,10.679073101372662
-10.955474455441134,3.0260126265032987,8.815399354537593
-24.871229360833816,2.5742585688644217,11.87659743652393
-9.059566661069844,1.9115638438545373,11.230024437072306
-12.056092797430995,3.68177667047578,7.9475363341476335
-8.730140470647704,10.64698397654288,11.672814551090537
-3.683418858999629,13.70154042943282,10.050855832616797
-25.61844758400363,5.299699476428505,6.462092456977967
2.124179365144068,7.21088580258807,7.2538339301024735
-12.86815352278422,6.81237664446578,7.177292315583449
-6.440686096330829,8.080723234070765,1.5875768929464773
-6.880932539869226,6.819302585884324,8.03670563478481
-8.77808885203475,7.720377082375525,12.792775943859802
-4.9980765888861125,5.349872357855395,8.768312379256237
-10.871606372791447,5.215567188486801,11.809690815002313
-15.77447008615625,6.087060716409436,10.80115061758121
-6.147354800179734,6.715671930122399,7.23186157593926
-35.929666912058934,5.6067494439166286,10.499871360718458
0.1943164106736219,9.050019100144375,16.703339372997608
-4.509573434672184,8.020118999784678,21.060934777192802
0.4232787290555908,12.533664243562717,14.862402174887297
-17.74204132414804,2.081230663709035,7.770288489218062
-12.088905339628004,6.188319107759756,12.642688798307804
-25.548285927015037,7.847064982206039,11.991972212060116
-11.944368311941972,7.91221904870595,7.919675946518433
-10.134096466518882,13.197692290074473,21.697235228504574
-8.427613813958367,3.0675667384995,15.690043620949028
-2.0659236656602,3.662194677679671,6.919661800876432
2.1454180452475446,5.421177178026468,10.999723070131315
-8.357049453705194,9.53310504997712,7.725993414623222
-4.366370816327263,1.73420608815017,2.9578573041119967
-2.1625516018403674,7.56648781167,7.177380850149568
-9.46704843281566,10.276492919224747,6.887639266239079
-8.73284490808572,5.051987711669986,12.118850993291847
-20.391780309442765,10.7183549269233,9.940274799309819
-12.0483828742575,8.034302867831144,12.951134797821906
-18.615262561811527,2.58447602669246,27.512259598194632
-5.3123355663123455,4.3611324847917565,18.535953577667122
-6.508159760263355,12.20757203596456,9.492319980247455
-7.920107760971977,7.358105348110616,10.152792912598414
-28.855581860295565,7.544176849248153,2.675882431774779
-9.483594248141044,0.6648124527894612,11.48189046911944
-12.945198908298089,4.418479361725597,15.122674236310196
-14.523136091617452,17.14597221080993,17.52658581880391
-7.551743746168491,2.5377326507858338,20.714656223722955
-13.429031234074568,4.867226733220225,8.950132478620649
-7.372002806291464,4.978842376585971,20.99387148080373
-11.664670361073446,5.038299009703163,11.778023002845956
-3.7196047116174817,7.803041341719999,18.826028858958864
-10.135765804453376,4.90267664370027,14.191632122159398
-14.63447297471727,4.491796224694643,10.011428464857351
-24.611270991760662,7.154884453547711,31.716215737112385
-8.592890458652569,2.530627678075944,14.574787824483769
-5.638126673416936,4.3513496317434095,21.40953448827834
-22.34669251285537,5.137316740879519,16.710871774975253
-12.658415626023729,5.344723271882705,12.077473791309524
-23.29763595136142,2.628793917289047,12.568139393189941
-9.933285226210083,5.321119403202674,7.0326534341072096
-4.494263614156564,6.365251132433258,20.382274970801472
-5.891999411872095,10.407102341425231,19.538747747060988
-12.06690398357661,8.879618692109506,8.30392668207704
-4.789080561627436,4.445455464382857,14.31460971789638
-10.597515218309193,6.001053163505648,9.258211103889572
-16.407923324322383,7.038177525718389,11.416446225304584
-12.694681382941964,5.225895506033175,12.00248862041181
-9.707950462885693,9.559403445148384,10.185484773810394
-14.421934888153451,9.193995041183785,1.5874642039699434
-19.08454735339733,10.197072042072389,13.930282495880892
-17.572517197557598,4.537195980695893,13.018593528044187
-27.108955148902808,7.60491127174363,11.451360874168737
-29.73235709935425,10.656170893863491,20.55495706056295
-23.107988646434528,7.843574929313219,6.464933098490521
-10.83170590728203,13.053920267085076,16.62405989881423
-2.771559113571119,6.982596530061278,20.127420565023453
-13.608081784190407,1.185743585147973,12.611331482487177
-14.518467671331384,12.152698542409794,16.307786034315605
-12.38551441414016,5.6765123079302215,16.975382065954946
-7.2434352699955955,18.359175619099805,7.4942596690622505
-17.766851141427207,5.3432334751102335,10.338488151954646
-24.08127753655804,6.656870866919416,27.900162545220834
-14.727190302939691,7.305638985389358,15.145402438772521
-14.94560084609732,6.043552638197911,14.149687148471074
-20.74077433658749,4.31940766140217,16.385191121026335
-9.534944676337403,7.686759628216105,11.434189119502982
-0.7671961036157828,4.258890285881313,3.719358326639252
-4.976458047939828,2.4539284280461606,10.741974550002109
-6.309217537215979,5.090855788679732,8.517947342640582
-11.32467616533827,5.655669123020639,20.132641248253535
-12.952688036797957,12.116281602469122,10.708918216035412
-4.565930457995121,5.85420276464022,19.862546471832474
-27.06251290780606,5.545041957121949,21.42992789631413
2.213573976331596,11.651116334119113,17.50510402199333
-15.704962357742328,2.357867810054719,27.651892419743533
-4.7000053607815815,4.885156911439851,19.459329726895792
-12.35342713013074,5.098638836809496,9.865583062557162
-20.03582425080653,6.375091266574476,19.99867223015672
1.1186712529438712,7.1601341346213605,10.261365327376556
-6.980716755303924,7.896982814569004,19.432744298467494
-13.70564225619085,10.636972789360916,19.903132149864426
3.793803951956928,7.558426931585235,13.035561772002746
-11.779452254924887,6.42125204961078,12.903268932195889
-16.54601341493353,9.1107564944371,30.21507795154813
-12.153933912143152,6.6089045290822295,3.8963308971890647
-2.899904178356275,10.944613486101778,17.413713407900016
-9.69328517203833,6.055526136098328,24.925555404098766
-9.14910980131862,7.682915334515847,9.06229966553289
-15.120745296120134,3.676398976384349,14.971392821746425
-3.236591609711283,2.0800857265601707,9.513715857196024
-12.166174355813084,7.049560058106778,11.702567390834718
-8.175427939452774,12.33504229563627,14.227008422715624
-4.6340667814404535,5.147700901473504,27.19679678466658
-12.92262981256658,7.579493897931762,3.4985885695138004
-13.430596320829842,8.636415207625154,11.620187838507407
-6.831612476732612,0.4954091412982706,19.93764461644974
-6.666698377680792,10.648410015710557,13.719458683424172
-15.644996883542255,6.953822733946653,9.010081290056839
-7.199226461117003,8.716293687228385,6.803584488687199
-11.374582538770492,8.039238884741058,10.111451251653104
-5.940708453049975,10.20003933333447,20.35093445128635
-18.971293970824085,6.333208390820611,8.055170452442914
-17.13623487501311,-0.2294068233999856,11.444343252881351
-21.2524446414727,3.778623620564593,19.119519220199262
-12.807359956901546,5.776237519880519,14.774195424391328
-12.630473326792352,2.355749707737277,18.56369109091742
-7.60799180302279,4.148806234099439,10.335992944027057
-31.072808304912343,4.128299995343333,19.347437714095193
-0.888925139283014,3.33351255430882,13.108180682661247
-7.454854677239663,3.509284515899567,8.70675112678614
-1.012247771879384,6.437676360500871,9.806298628743004
-15.100573836753403,3.778686965868099,9.931470901384728
-22.72740924331369,9.073732838377293,19.397795596770326
-2.155705750004022,4.819760271143803,13.785846004183226
-12.326505056636323,-0.1677853935914079,10.615593675336708
-16.725778722308934,13.113233897291348,9.76544650260167
-11.188412365493772,7.288182022824866,9.113727024893683
-13.268756843171694,10.42822587633802,13.78740022679213
-24.734678630951684,7.912307224804105,7.450477794397639
-10.263024607447228,8.893019528194195,10.687729520385886
-26.80468203769693,5.409510606700887,10.877226614434779
-28.0016565886527,5.626178903606014,15.618415099216243
-16.644361046044743,11.791080630889844,23.41790527979907
-22.49916848275516,7.058703811583774,13.25114062698632
-48.47133231112603,8.321394225795402,15.762335198374632
-11.33301130910963,8.37970347344434,13.161420583170948
-13.43964733578467,5.94286155062877,22.075290227008544
-8.319037512528526,3.0519706480888367,19.29993582961681
-5.8930367400882,6.100676979768144,8.29185518081873
-8.126796223121433,4.192083933125375,6.838157178707475
-15.96094383426614,2.3659082173166874,20.740626511599856
-11.29853218596108,3.226401504530016,9.313148555927572
-9.365345371268948,3.537124436745661,21.48854703084823
-12.251540173068207,10.874040560610863,7.848826048109453
-5.165597035452883,12.495632441139744,19.38235603976233
-3.428482052146196,4.317618562508192,7.472186754620777
4.407845682749986,9.687152383527426,20.219523484287805
-7.254250404487903,8.770239745273168,4.222174586596925
-13.050373946672584,5.3198668977875485,12.003240387056495
-10.86814780481293,6.584411332117959,13.02786359628883
-20.18711369958329,7.374340392832768,23.950629483906212
0.4465500873949981,7.813204770637562,20.376949934412526
14.864852119717597,8.698111430403747,2.995005200678777
-9.935781976690468,7.302849832630315,21.740450314743704
-5.537190735625071,8.057079258377371,14.564250610225669
-11.1129644797491,-2.588625863007448,13.696421520360978
0.3676181100372613,6.351695565754554,15.864968156898335
-11.569139690992303,7.13427543661091,36.728421757811034
-14.416863976262864,20.993104705046225,13.907402149728707
-10.44308724340774,7.60244009045531,23.093342623304174
-10.975350371613567,8.175842192182275,9.883796627799489
-19.23774756667725,4.362395757905761,11.015382433479047
-17.88830527292364,5.473727098965364,7.951021331446627
-16.65379716080874,6.175174187655577,6.5155384291888385
-9.075522565872534,6.972549816471953,22.95330049795333
-6.342928460614676,3.340070905165509,11.835603264878348
-8.361972066671939,6.72452217380461,7.027935457418275
-7.848653558247865,0.7534546613932253,14.524500414369884
-9.156769738513251,9.360590012204742,28.648564785436236
-26.17591530110304,2.9198567260434225,16.043513825839604
-17.225520577642587,16.03153462722824,12.521237582666803
-4.094686632487752,4.825638509580182,6.960797098967515
-7.412184575231842,8.160905476488395,6.678127021998526
-14.307132778034813,9.411458661329991,9.39858013270434
-2.3313862224452286,8.784709126388988,8.614687002580368
-17.871715366002217,5.946989675470131,7.149850517231674
-19.944423364913103,4.294288102096825,17.794807760565234
-2.1931557401334576,8.46122714579417,28.374834231579854
-19.283902929515957,13.412406801719886,19.56871732115711
-17.84223220686318,1.0998654375177357,8.694757718906775
-40.25153516935537,16.42821652560896,14.595474267672628
-11.164322523656134,9.197206545691802,9.954936966695143
-11.353351913596184,1.96364106959203,11.12051452737941
-10.051621052482648,8.722034984851312,4.5639487712091995
-10.408565913975506,8.937480076748818,6.9784767074722165
-7.63997904123285,3.2137370373329617,12.75794921553257
-19.12486686062416,3.3446869063143376,10.162317393518425
-10.940157378312122,2.715852412595538,8.49084365379321
-9.281098875218582,5.917324572937847,16.95960657549672
-5.323248429176917,9.363835273431024,21.063335431247353
-21.771597546648565,5.506368747989644,9.946914727284375
-11.51038298237738,5.524840558208533,8.535762030407946
-14.715098401575526,8.618693718290098,15.2003040414207
-35.41170948610572,5.512475263955097,8.42205062150235
-5.522486063149463,8.326670188911969,15.119281740497087
-5.6912178838918965,6.178964699714944,22.159902035429457
