bread @ global warming potential (GWP100) @ -26.19,corn @ global warming potential (GWP100) @ 7.22
8.163597851918048,1.50999825699503
5.225734229492246,1.2669770753171945
1.2464737954281366,14.116811841679738
-0.4900799034719991,5.702613596962145
-0.5831847522559785,7.852161446458276
-0.8789501212830118,5.77904360526782
-1.599457872664626,2.3978320281208654
-1.8923320024309933,12.692743743579895
-1.9477863693656912,10.43377364875466
-2.076108344433699,15.026572348709287
-2.136100562616273,6.73907969351904
-2.2028445767027858,12.474039343704328
-2.488455418582827,6.590730018267753
-2.877230887745958,7.525084465689259
-2.9836475482549307,7.000470903274524
-3.107635195945264,7.27748788606583
-3.165078010662167,6.7453925607529
-3.3810065546297867,33.459266074889854
-3.8770248684862105,10.92684068542686
-3.90672936003271,15.154184326475889
-4.126615072075495,0.257851387791674
-4.515492536800304,1.2032662399238672
-4.596012610071659,4.719283683630315
-4.621361203894048,10.065441904990362
-4.927396116459528,6.313077311659578
-4.972351179555173,11.582301660565317
-5.005655946432894,13.26441993168541
-5.023906196421041,11.07641806798532
-5.059616408117352,13.832094541597188
-5.0815267842646605,8.970659699104232
-5.297983702132264,4.570036298169039
-5.357696094670334,4.34781202833365
-5.566759117817173,12.87084270050984
-5.687451256287588,3.2410128020349767
-6.037139954879307,4.2516271759558695
-6.150260672498924,11.766901335976144
-6.48346925677145,5.9081901255404565
-6.781220149851261,5.666731743835621
-6.787437360831687,3.3873758088148485
-6.816946196582854,7.163302743899582
-6.959849690930476,2.7889817885504518
-6.973558543800082,0.8863101388317847
-7.021097024930142,5.727281650047858
-7.052931101117101,5.971281126418432
-7.0602367325660325,7.1238500858792975
-7.132889993002401,9.597938768913266
-7.222177525203993,5.794702498270437
-7.372473036291803,2.201757034308412
-7.445508375414871,9.679120908081506
-7.520983823103677,10.232716007304969
-7.644428530765934,2.946915810283361
-7.659045676120924,3.6091680936003154
-7.687539641472659,10.473352401001902
-7.756913162730451,1.2090602702423716
-7.8575950771534515,5.0476842228635075
-7.900589446456372,7.585648344466955
-8.14677331625474,7.927986041771913
-8.308038633176562,9.807848820826774
-8.347578228730269,11.134519736888992
-8.401085965411557,12.855185186145778
-8.54074080460994,4.575982267197912
-8.556895572900583,5.448105823095384
-8.620210927459652,0.06872939214259666
-8.6987823843656,5.403150866710598
-8.776344412879922,7.344570901045347
-8.821892710508667,3.541217377167477
-9.019172431115836,10.667975552474475
-9.219902480483508,19.320959704304748
-9.339514336408705,14.80495525774058
-9.423536542584712,-0.16852707810297063
-9.42634572466488,15.475088723263084
-9.491763902520807,2.5330956197598398
-9.501563140233714,14.957092056055885
-9.540030421621625,4.795754266642028
-9.66702310739588,3.8045870082521858
-9.698119466118053,16.5242276413708
-9.7794754074271,18.13958991948416
-9.806042775259812,1.849897658643235
-9.8074014936586,9.046877350013936
-9.80806170571735,4.633380960689427
-9.833414985515024,4.194343378701258
-9.867611683901126,0.8490340334527356
-9.91046161514443,9.424276630337797
-9.912296125665868,14.471941209467463
-9.96037314763214,3.6393665798428705
-9.960932048123029,6.345151875329994
-9.98626577450728,9.101366611556342
-10.044273181340408,3.5036503016268536
-10.069290579172064,6.46042283633779
-10.075426893946284,3.4921806191606866
-10.090941113710056,15.704065611540043
-10.107014369813236,2.9783498326421847
-10.122213547000335,8.831084307755274
-10.242670586114263,6.473373595769331
-10.27282191674647,7.1612716960297345
-10.362222026777411,5.893046115712913
-10.60514538722484,10.411140786896393
-10.81554877636393,7.679696347265487
-10.837440137982824,0.7317886850871635
-10.893915213764068,12.489567641692977
-10.903213807748248,14.158780241770502
-10.938507597866758,11.625482442786423
-11.059857268303386,7.176468041700012
-11.224304223327415,3.115742398926253
-11.284514885993538,12.579325181076921
-11.297553359247177,2.5151491407717828
-11.369754510686953,19.741042325330792
-11.428463283140625,3.5234145442915388
-11.43485637167473,2.970790334998162
-11.466423751339075,5.832832132326446
-11.599514295735808,6.947117044273149
-11.703526265826056,7.767790439256975
-11.88799351081298,6.636856127049601
-11.921139522405069,-0.009227661535110787
-11.935700158691509,4.135404076393321
-11.978193184064423,16.811273244907866
-11.991397342256487,12.465288177614305
-12.001061201720375,9.03840066492107
-12.148392048532433,17.008740229797255
-12.169770723915631,9.758974821750485
-12.19347924887871,2.6032313446511663
-12.27047993936016,11.080089175416564
-12.373065962815216,3.7971493406953307
-12.410853949117683,11.170624867667676
-12.464642469149588,27.631148452264377
-12.608176222572826,11.21676554949893
-12.675509744488696,9.585329102985561
-12.675844107628864,3.0565186507273574
-12.780003631634962,2.961571976873471
-12.898073970441825,3.3749482194656144
-12.976438956856136,15.119931776391233
-13.001911462304392,9.531239756057095
-13.01048036353135,34.82694231977774
-13.018424816696264,2.1769650264863025
-13.045211612130458,15.78317635110643
-13.047501500109648,16.253789112559478
-13.055454793213482,9.357062254273414
-13.159381888162295,7.628865250401474
-13.299391424959111,2.657105918692554
-13.372244952109217,14.684819207610168
-13.424100508271396,2.616611592185608
-13.464829295058486,5.9878554304093345
-13.543258477931046,3.6386008500218647
-13.544095528312331,13.800049052203132
-13.619097097929462,14.638159253858413
-13.679924136126075,4.244797855821144
-13.744013727655348,-0.5961102735443744
-13.792450907498289,1.8659727108163207
-13.822190350079858,21.19411814581749
-13.922555076370976,6.698329248195651
-14.038908790567408,8.797524642092137
-14.086438240160708,4.4824611166821935
-14.115234625225126,7.455837192395562
-14.150137494792002,2.5367557817039903
-14.15153602161212,10.28870056310451
-14.177975551260296,8.74992797306859
-14.296414955967489,-0.09904659032135676
-14.492641892835692,10.007793863230095
-14.4965664042974,9.224972956150726
-14.52338065111156,2.522308974168182
-14.540724178538865,3.272342263021102
-14.550384451128467,5.883557648659994
-14.55189818600807,12.660241269712133
-14.562715172013236,3.182834750037421
-14.588886066642416,4.8027195180376125
-14.599824289223992,23.172480813703977
-14.661491955929588,0.39701755474562406
-14.691799442337263,1.6446115050054328
-14.70353225525148,0.32910299595810355
-14.712999431934964,5.388408636865729
-14.75591506054104,0.5727185828497026
-14.764000469079695,9.561391514774854
-14.81430123369854,9.74344860738204
-14.827040850297648,-0.03087521530200732
-14.864727435526609,12.340248599406664
-14.916783597641327,-0.17645254030520663
-14.920217607822174,5.093440529626301
-14.937566596630932,0.5251178789270095
-14.948303990830434,3.0926801694878083
-14.958970850236676,12.990694139961747
-14.993814613303408,7.605541057236624
-15.08357323416474,6.300734620342677
-15.09982011140936,7.7670464198571665
-15.1145798674543,4.898179341201947
-15.13317092799267,20.20360533520009
-15.153949087282427,7.122465177975877
-15.21425726181297,20.81337557004879
-15.228291444265905,15.528434993177601
-15.258551844984405,5.673612679481999
-15.330713730568354,14.531279884076483
-15.387182582691668,18.64089110740084
-15.445048131352069,6.078860883535984
-15.50017309400687,8.873001611460577
-15.530873569571527,11.724742824159765
-15.532192085506694,12.312386989385706
-15.54714877993126,10.435302769530324
-15.555286691143383,3.053830671139049
-15.579385604585529,15.862754714697916
-15.59620819157738,9.540601297999919
-15.654154541194533,1.730403911631673
-15.670177603563747,3.507566458633428
-15.749469866522674,4.255069852091164
-15.75705041042478,5.80809394136737
-15.780308595160538,9.625859899441561
-15.877671451465222,8.471903538649029
-15.946046588481142,9.822355915592247
-15.95838692569005,9.240572382237321
-16.067344236264383,12.798783552990365
-16.083641891696786,2.6377936278124388
-16.116283173551178,4.137197257596037
-16.117206545655353,18.95100018302106
-16.13091519874517,12.38516726099748
-16.2055562819771,3.4109840372225
-16.248727634326347,11.684381147473438
-16.316131229604075,5.660770659386341
-16.349033621645887,14.472421585386744
-16.37575720171151,7.063450104784606
-16.376469063479977,10.381347114878864
-16.37911830564896,5.671614613142452
-16.409885868701153,16.78774090992157
-16.437798698276456,0.6174986860099664
-16.534335739456306,5.798703589754653
-16.553646986508575,5.938255611384277
-16.576985581903838,7.20243042770425
-16.596217879170062,19.847237528819278
-16.598291069798243,9.468514495838935
-16.613353548277793,7.697390577062193
-16.6424765041059,1.043818193774965
-16.643009244457105,11.181880732756627
-16.662732908922827,7.574364769587202
-16.677891191298926,8.239550108315385
-16.682980067608817,2.913721820951652
-16.826404502775713,15.243339250815287
-16.887387465631953,8.769166089656233
-16.933898049603304,11.170579319002588
-16.98543248012329,4.444255371294545
-16.99253681544528,13.164732586057195
-17.01198563807216,4.216412818297026
-17.02979209754156,5.796486477390395
-17.128370230788214,5.776780836377258
-17.271122809125995,3.4879593718148842
-17.312590254642327,-5.910154455217002
-17.317482413452844,4.236959203604323
-17.361690768614544,6.2325443511149885
-17.371325835851387,12.431283653292775
-17.465565195533024,5.473088692750311
-17.482657938317843,7.377699399013313
-17.52576966618765,7.666885839753645
-17.535335730745604,7.537130531458774
-17.544682622817408,3.498506310849085
-17.565879691286014,11.8206611030735
-17.583498886299793,9.290575488890083
-17.6515502024817,4.566004779253703
-17.69191543476427,1.108886548995509
-17.698736518333938,14.336026924760642
-17.74268207587439,5.06801701537443
-17.744298761724316,7.576334373873898
-17.785186510260168,12.948682027023514
-17.801216813144737,1.1118237471347694
-17.860175859903414,38.638796966812166
-17.90027965402199,6.85644352788186
-17.98419020763912,10.754208407456336
-18.028447444838857,16.268953222876718
-18.07405008643716,3.2333796688317165
-18.12662649186164,5.356272473952366
-18.13746391781141,11.958522914045352
-18.15063595120202,4.6636100473792395
-18.151505778305435,18.006429095414937
-18.151625950761456,5.296321152359242
-18.153737981785067,10.118318482329183
-18.194885566889624,6.542521826102568
-18.195957979130736,2.7435079071006356
-18.19991995556589,7.808668213224257
-18.23155280340408,3.4102053828389725
-18.272955030146232,-2.1627132005327225
-18.29527722978013,11.861497454773628
-18.29601094152507,10.163576374320503
-18.345347841787326,7.512497657758852
-18.35117681240712,6.575624246849813
-18.38463708984217,0.5904648359349154
-18.445414422378576,0.9529698056463218
-18.490459494815173,7.662190366933059
-18.494542346762465,5.824832086181617
-18.515719110978967,5.276431048156834
-18.52043218998605,8.960224690776824
-18.54991385869044,18.828816106377246
-18.55252505542916,0.9041825051537823
-18.56942163843786,7.319304897995037
-18.569668845427305,8.925031165731166
-18.569671616742752,9.033678297909304
-18.595988266377912,19.803564617957118
-18.64979900032097,9.009627307885616
-18.672394337892456,6.275636776261063
-18.706789522314264,7.685952366968125
-18.99338723419531,-0.09723750022053235
-19.014679628643567,9.612317938112543
-19.01625236047053,-3.5115393658869456
-19.024307369886728,13.531241365695376
-19.090950553008383,6.471040600573251
-19.19329757640447,25.887538471313057
-19.237718760707075,1.0050500104431959
-19.32114071840106,11.9573913301152
-19.32163992671508,5.506175112571118
-19.3296524178254,8.248134343216858
-19.389952659126912,11.567194259367675
-19.42966091380117,12.370106590540322
-19.443553316849023,3.993112818155801
-19.53678737901324,2.2655604305880948
-19.542868011868347,6.7936787893413
-19.714839232089645,13.049587907867071
-19.73760859530842,5.320573179343881
-19.74085496822871,21.62991665349339
-19.890131795682255,-0.8516951108771815
-19.967028538690784,8.758890539376058
-20.01204814811062,5.0841073653709365
-20.030595490437943,3.196671475962214
-20.03506176640172,6.042356449039229
-20.12141733860267,3.762323913614142
-20.19633819015053,16.39771052957721
-20.25214563362201,6.352144049875702
-20.261517708231327,5.126919646602832
-20.27044103077644,3.728959400406139
-20.30124425583629,18.308616119235985
-20.308323751441986,3.4944851298384503
-20.314606671452932,12.728825848773818
-20.33104803842888,7.246027416402353
-20.354536360240424,4.211869712746431
-20.357617183878677,8.347267268055177
-20.42769960914364,1.4948825399177352
-20.431573690406168,-0.6647465366996936
-20.439772358914546,2.2998714407511534
-20.50062590649045,3.660340899376802
-20.52299748499733,2.6431023522905512
-20.523938207255497,7.172853911755995
-20.54648507642159,3.3216828513151855
-20.616911915875885,11.218137878443864
-20.630020524195466,7.656521205772829
-20.67300519538748,9.823686147352461
-20.80870200004877,9.00724636521182
-20.808799640246303,2.0420156583721973
-20.94813074961621,5.355721209708705
-21.01451913092961,6.742265678418152
-21.062987642946663,23.166009131232844
-21.073829759388623,4.445644011327065
-21.15626738443208,5.083611906901042
-21.16486286175182,8.554420069850185
-21.166686456306277,2.9558825653776055
-21.26804588293973,4.271503472403666
-21.289739246735238,6.164451947403282
-21.36202823043496,7.9463433593013875
-21.36874822798123,7.706243671804941
-21.399564614095866,2.6961764636679852
-21.41765631335734,4.297199082172462
-21.498300141101723,1.1620354442769267
-21.526706060004024,0.21902864372818875
-21.5670026662608,14.301834742384726
-21.58168627602273,4.1416292933481085
-21.60146147524107,-0.7756404507132549
-21.61412884564037,5.156972934810126
-21.680642844639717,3.2453503589804873
-21.683912188529987,12.828128204419096
-21.75782522568176,4.153252500390986
-21.774845654335245,3.390208967038582
-21.85468607901224,10.436079141251653
-21.87811029015174,5.459814200087881
-21.88580996943288,11.175062215332026
-21.887030855056743,-2.676136423732093
-21.91056816091596,5.3158628060817374
-21.95093687857556,4.394059946821712
-22.06101894281276,15.679822111754866
-22.123879750733288,1.2052965314014716
-22.148515592390734,17.352834202685976
-22.15314766056204,22.319010855781784
-22.230716857444463,10.253073601903026
-22.28373970629276,9.50239242848671
-22.289044623190883,19.32837840343097
-22.313878092150357,10.233607767623113
-22.35618433013839,17.58484543732579
-22.35967060250851,6.2114554743428565
-22.404371445702303,3.335649380378196
-22.429168962957583,6.916980741155852
-22.451063263220075,4.2768584225175434
-22.4566324093208,17.050969593649434
-22.49735047579382,8.607317213693229
-22.53818516044501,4.078714573024485
-22.54620108812535,3.434018519929845
-22.586465508103213,7.640361521070044
-22.67893204388428,3.764355659679671
-22.693900293187625,2.23266278648586
-22.699512926523404,1.7276399484169938
-22.705917993705867,10.392074043245522
-22.708626329234797,2.4204989487758226
-22.770519601738364,8.125736112433637
-22.782463760495347,8.112450935117252
-22.829226333129974,13.179159202100891
-22.86314591468881,7.785811282387415
-22.882892431503315,6.0196696086439125
-22.89056740148063,8.122414875281324
-22.89170951410385,2.8263630003020235
-23.01115197843523,4.2231445994350425
-23.018039955967613,3.0261631888155067
-23.062074484634483,9.007199361183279
-23.103182191368063,5.876289187089082
-23.108924379278232,11.815215837416805
-23.124420486249488,13.233150639391829
-23.12952488422893,2.3718603605155697
-23.227713794607048,3.5160182015255077
-23.230709429259512,5.554896418692765
-23.2397380488604,11.51330817192104
-23.24343608781464,13.95711619336965
-23.2667983549746,8.051909574390528
-23.27253410738085,0.6286522279382103
-23.289254814815592,2.9117819887169256
-23.3391442397857,3.455297904872971
-23.344838035373314,1.9137290108819245
-23.392591620930027,3.4205829371312815
-23.4006108546513,4.610553472823784
-23.40306129748958,8.321675117815971
-23.40315844188464,2.223397794237045
-23.42574407717313,7.280988307156891
-23.46164321561954,2.999114069198872
-23.46740870879353,7.741082523636197
-23.47860357820468,8.248762147377803
-23.495535431092563,11.170049924657047
-23.54894843973674,11.954934508913169
-23.55387499294409,1.0799241595321671
-23.58081819417348,5.101600597285262
-23.59592091828785,2.321555375235588
-23.61927477830283,2.2399424837487887
-23.68257367040708,-4.4564565993663106
-23.77219914349452,29.94319751794036
-23.79441819677941,12.401697770650609
-23.79714158627408,10.273241167068068
-23.84870139301328,7.6459188393311734
-23.885542469983942,5.470737030307678
-23.90092907503496,10.552216910209372
-23.916826572330656,17.103619149939796
-23.917603197027503,4.301488873613092
-23.963047250473764,27.85749975384709
-24.03246016316005,6.079248602807777
-24.05490982738277,13.779149620793511
-24.116364688208453,15.238123068755428
-24.126879053595044,9.54770778846746
-24.167173630302983,4.254454191980965
-24.213411947292503,3.02345232292787
-24.33406615916322,1.936442778880705
-24.34883024022343,8.03225538454304
-24.36429041349644,10.250532114470623
-24.370144991680323,5.96873145450625
-24.37128168489528,4.952573322126178
-24.406515744210772,8.46006329794468
-24.536476807700037,8.858501274066821
-24.553235946304547,11.39934122639362
-24.575611311502133,9.783545386207674
-24.57750393137333,3.244475059242518
-24.586948232785332,2.0583236652696475
-24.58752833795497,6.878552845757196
-24.73500620023628,-2.850233109796566
-24.76213773681696,0.2885258630317047
-24.7845601054731,11.47771899002317
-24.854449565035125,3.3259037977743753
-24.86308529777909,4.5252710228059945
-24.86587319582227,21.727560181484236
-24.91555448479172,2.278578844828237
-24.94973995898468,10.739086217166996
-24.950545679665723,0.2642966671914233
-24.983842741662883,3.111752222889867
-24.999394761715312,10.357545175273508
-25.036562983351214,3.670706698059775
-25.07350923446926,5.200656534940408
-25.10600639476818,3.9047984626420735
-25.145428908948112,20.657193629329377
-25.167302374219947,3.237048739538066
-25.21077320900265,4.463013539349657
-25.23335702416754,2.745853438397586
-25.235186635019517,13.85390632511661
-25.26855730991404,7.037385447103503
-25.28744760361988,3.9604140157461845
-25.309589028036104,1.502621760677986
-25.319859375985907,8.693349879531368
-25.367795176771324,4.753675662423699
-25.40446818231039,4.946955838835121
-25.43889854377512,6.049038993504698
-25.54790171804395,4.096384052800616
-25.54813443405164,-0.05967463228383685
-25.561821171692,9.048329340059695
-25.641640604682845,13.237702635787027
-25.66205934489964,16.830560412802313
-25.67989869101825,12.041395438877602
-25.710467626756135,-2.0243808040179383
-25.754265297051997,6.608863385948319
-25.78924015567852,7.014947834016813
-25.7964597302816,16.65928326322994
-25.81966851355071,17.24701404021918
-25.82573547662987,7.228853372517602
-25.83505238302048,7.671699791181318
-25.9415103398434,10.019792124223088
-25.99341648522896,12.057572267580277
-26.10822560402633,6.055111318399678
-26.17994379980045,11.508475277094359
-26.207701710551355,4.302210871632269
-26.249107408872227,9.62189968661791
-26.25222904568361,1.1993881946698142
-26.25639683637776,12.312357116578866
-26.26141402250589,24.465120457315088
-26.2650435488804,10.264441325046473
-26.31967486083442,4.008551092601396
-26.3284614414585,0.7095571377302052
-26.432282985160448,20.21152239874716
-26.50615166759209,6.465632630194621
-26.53777802809084,11.71229665602505
-26.542472215028837,14.508544147802642
-26.557774527881527,3.468230077062138
-26.576535508214448,8.43821062204229
-26.585693997355005,4.8889274592485155
-26.7885135833586,13.51012278427286
-26.814398509550895,0.8163246170469768
-26.821274841694027,14.015371770821694
-26.857795418279306,2.595426862966264
-26.865062828696917,-0.5741455012799497
-26.870380919531925,9.607643556693777
-26.89771352339576,4.6886959892027225
-26.9197550092796,9.63830109972906
-26.933242097348888,5.507799380823857
-26.945259791900817,13.755741814325203
-27.011337988966783,14.778398045053837
-27.035853474196877,4.541424168584924
-27.058523357930323,4.7775488933604295
-27.06323591021862,11.817343400008989
-27.14988359723555,3.0719927655312276
-27.156911315005274,6.129585745257538
-27.159919848748626,9.616230551970347
-27.1621752255052,13.409491537198504
-27.20926041797157,11.747283285258481
-27.248975391039323,9.614692284930818
-27.250988529156885,10.477235483594995
-27.30245359048019,19.17257527721872
-27.31143068540461,6.862191268158746
-27.355131684713044,5.493012116341156
-27.39961111531272,11.955795430144516
-27.41990908840781,4.456034673245339
-27.434411693545563,15.22292618556335
-27.4666140518906,8.323711666428679
-27.51397587002486,12.817973865536135
-27.553223330904647,9.129723449372396
-27.718957908282437,13.803253277635548
-27.71996645164941,19.71558925111252
-27.727755451939117,0.3098933592563471
-27.7832195635024,7.984621396288536
-27.804713315086914,12.874327114441922
-27.8088780457411,21.11784902572343
-27.899365732803957,5.284765175396148
-27.944821530784093,9.0920858983832
-27.973674553863127,9.18523013495
-27.98252680744539,3.5246484030076446
-28.04533450268737,6.648289948370367
-28.06709691808072,2.4329239761708745
-28.07282597008687,6.301535886288201
-28.13220363121492,3.6498822228604397
-28.16421707679084,16.66701322691977
-28.208777062713803,11.850508301972297
-28.358946274454997,3.4896727717771854
-28.44319640962368,5.064911317833994
-28.581581946772964,8.435277859443913
-28.583330434352227,4.866736760161823
-28.589360246955867,6.056850409925179
-28.61315639628573,12.494715479701913
-28.69405311448236,-0.7634587792942
-28.770020489591037,-4.960061437137096
-28.798108291790985,9.071653391594685
-28.81805081807073,7.353964621542572
-28.83638829490198,1.5195584769049009
-28.861665073189418,6.6060282798785455
-28.915198356278,4.32899427632923
-28.92770485167837,5.648629311679507
-28.930933719372128,6.0976981003055
-28.984932483455907,5.502608606475207
-28.99024493502914,0.3385896737625047
-28.99046661243388,1.528303733680187
-28.992074560006103,6.349556707246798
-29.007338651198,11.860670776962031
-29.05883863011988,4.437604011379379
-29.099849572453422,23.2072507315659
-29.14293319266828,4.776128313305717
-29.18107948453067,0.5577929836124766
-29.257742489893403,11.797895781543863
-29.28290781828692,2.0553910028382583
-29.34269860518981,7.676574176083296
-29.40352437031359,4.3986938450863455
-29.42866830072858,2.1441564233553096
-29.44466461850556,0.34556241999453197
-29.479941559782883,8.471676610526586
-29.486567084805205,13.043058019732548
-29.50577497760576,7.459271260532865
-29.532266055100337,5.681034001916736
-29.545218380602364,7.849231431654509
-29.56197822759196,5.784867805772073
-29.591057491396697,11.777202341182466
-29.594266514078736,7.260210161068097
-29.614723662152045,3.6309335331561754
-29.690218179447125,6.047139493589874
-29.782216996010312,8.697555649755635
-29.79244111313035,21.57200406554133
-29.8008600961235,5.144738024214005
-29.813886897855,1.7503167452430601
-29.835188327485543,6.6986960178667925
-29.839638282407265,8.72973229517913
-29.86603347197819,6.778880327938307
-29.872862636375917,0.8244757462343245
-29.920498753992604,5.832636771393705
-29.93112635538337,2.6852534673381485
-29.937878586652253,8.556440543053954
-30.134294801334377,8.28475312870824
-30.15527002107748,1.802915400741666
-30.235182617299696,3.904991907782314
-30.23902971317295,10.363906983171159
-30.315684278488455,11.891711547916662
-30.329641552645043,6.491439917837431
-30.38251083794049,16.53470203992492
-30.39807485549042,12.230182722771978
-30.44395862537192,13.368024700111171
-30.447314434822125,19.43865319918737
-30.508059606731216,6.563012372758599
-30.52776275289911,1.018327486328846
-30.58532175697581,-0.3472457225800504
-30.65512222712471,21.361535486546316
-30.689131914946497,10.029669945535362
-30.78389201875433,2.4811253038554875
-30.83873815568928,2.789093889245037
-30.97077144451911,5.814003445775182
-31.099960960230767,0.976116221399741
-31.11145520963804,3.740828959443835
-31.113573010497657,4.322731427663607
-31.12098591187687,12.710267149997549
-31.121884434911635,13.956612542031925
-31.126409132155224,3.2835370412279383
-31.22320045135488,25.301304380131118
-31.254205861600475,13.966076506564503
-31.30679165636569,5.2201767074845575
-31.344879426909664,9.325519118955853
-31.365474199789453,7.746379701857609
-31.38414699420224,12.777223373382856
-31.40628590739727,0.7002072594543721
-31.487796534319624,0.6407029938452009
-31.49862086257584,3.719258741289411
-31.55008840418644,9.347150006457529
-31.58028721657253,11.431424983001866
-31.62363227046677,7.327666037883413
-31.64316976407473,14.434819225928042
-31.65770475090509,3.8417036815520333
-31.677697163495203,3.2776193572442827
-31.697882124235623,5.496608622360531
-31.700892088984503,7.802167525243847
-31.71192736977791,10.935624698306793
-31.88759869766765,23.385919532560223
-31.917938019627343,12.095765437854045
-31.969760962522543,7.889352909887562
-31.982787412144983,4.131594104538252
-32.01785539630038,0.4003319255144797
-32.04171694612007,14.698616552607515
-32.05373819088332,17.134876145341806
-32.05957338093758,4.439553836312018
-32.12406086678351,1.5588640423265385
-32.16882026995984,9.26078934771058
-32.192518987549846,5.3239882555951334
-32.24809586233361,22.26402971247701
-32.25509406345482,4.247887999656465
-32.30228498866373,9.000298751944307
-32.314095164988245,15.506518014903879
-32.3539522997248,4.4721713615684795
-32.381751552862866,11.045666909141419
-32.39254129593565,2.1370860553727633
-32.463650871797114,7.506572789131224
-32.481721497849875,8.119442688168661
-32.49531128239644,7.03472988183565
-32.60349034280498,4.0610394261167455
-32.78199965016935,1.2740213550261963
-32.829504564251415,13.556049871331485
-32.91051611495073,7.905695879442649
-32.91940178693138,11.716885811931041
-32.95050649804077,17.10597412666683
-33.00054268685243,18.2888519679528
-33.083670327809266,15.572636830234327
-33.17492366157399,5.8767918626244215
-33.19225172861143,13.409483872357931
-33.21526564028817,-1.333999302272932
-33.23104349222047,14.48590879737426
-33.52225888885567,2.000707686191895
-33.53461326373597,9.893298848606314
-33.58625677124793,16.32966566674217
-33.58912287028124,1.5713816686154578
-33.59414058948535,0.8182761035737393
-33.67403517400862,18.899112026152416
-33.674569271414484,10.305726376993002
-33.87258426108549,17.448629819351787
-33.881691816513126,8.792087000604015
-33.9449748859317,8.614844804875322
-33.94776629974048,1.8027244524950303
-34.01079072234859,3.9857517536763583
-34.043104820832504,5.383981785007538
-34.044137154827574,9.715906850393171
-34.05024943000068,11.379418236626597
-34.057961652374324,13.212614672731382
-34.06213927598035,6.3437321753684515
-34.069202347109055,6.125197022442229
-34.07546962532337,7.043875389557659
-34.106105804148136,11.037127531115955
-34.15617977449619,12.095016580942
-34.18428789453158,2.1047368611213697
-34.20682121832324,0.6855926812727176
-34.300065847743426,5.69241754800473
-34.3380956540818,15.667981674480604
-34.39062602528696,9.95738253223405
-34.41355927875442,9.817056195183472
-34.446359030892616,7.348658966325102
-34.54310392375387,8.047421225240203
-34.55019238447148,12.908329703540133
-34.59013486230633,5.81245795906932
-34.61389485476782,9.601188559383155
-34.7300248439172,4.380025212273384
-34.77790528421306,10.336971459418606
-34.78468800553077,21.60481296209774
-34.79395655949027,1.6652330206000974
-34.97422959639623,10.889607267175146
-34.98244344879523,11.49714928002678
-35.02758628094683,4.65420745936262
-35.04296464805768,5.312627321475267
-35.07971854418888,9.227178069668833
-35.14333669766052,4.017728617469232
-35.17540721110635,4.707849842984731
-35.17841781791921,12.723983594179039
-35.19183886922406,8.427246724400263
-35.285606459262205,6.005380695627817
-35.29947670287475,12.772304949083889
-35.31315780176048,1.4418355151694424
-35.33219437547912,11.959129189984221
-35.350152705023085,10.954993599418195
-35.353948624451405,22.462293487643183
-35.39363144983413,1.0728583836705428
-35.43669742727498,-1.512317416413802
-35.5738816852387,-3.7979170502800312
-35.66848452947325,0.6867869678014046
-35.87987130455968,7.125727322717241
-35.89596314092954,7.535149104242635
-35.99014449257668,4.833341794475863
-36.04049733229601,3.0791462196947035
-36.10692315944259,12.484865455698817
-36.11657810399705,5.141966014275612
-36.16113369118026,4.189676172966048
-36.19960098769008,7.307738690286902
-36.27998038902696,15.302981439461472
-36.34820237905601,-1.6761783812354674
-36.3645442594584,5.437039181837786
-36.39289685799991,12.559450883050449
-36.39702240113864,10.636812259510304
-36.50074107356255,3.8743955755678687
-36.543387228491895,20.233714357325248
-36.54872127001644,3.546071175862444
-36.59257114415309,2.147722861104447
-36.64190605508378,4.147502887288564
-36.71370059505777,4.9209475633391975
-36.815984808288434,1.3587911520004272
-36.818100334112,14.169584924365633
-36.90318128154129,8.756130542032173
-37.01023932698846,11.902395085459759
-37.011452459737065,15.503846656141747
-37.09486928642454,-9.306732082816124
-37.12837013871668,7.831689197291771
-37.13521632104302,4.772203985092871
-37.185428659664126,22.889912653677918
-37.298911296883816,6.612973322835361
-37.4033030674706,17.023043762697363
-37.46968347359203,10.148385537333558
-37.55295158705032,3.9994463345545688
-37.5562157156357,15.227279015346928
-37.669456629014526,-1.239038886049559
-37.67806065108892,8.286768894035685
-37.684837916600536,6.059387875269745
-37.73159765209582,8.944064273870085
-37.74560824428847,14.518429224017874
-37.79762152309154,8.935021048226417
-37.83972752744873,1.3713401227158926
-37.8729506437406,1.4301523266542295
-37.96383477563474,9.292978491284225
-37.99066928359777,-2.884985579069041
-38.03707316182958,10.521517211534444
-38.05939905227015,3.496180908854238
-38.064272532395925,10.06908900263793
-38.0738847309489,5.857237346622933
-38.09863988398512,1.4254951535639528
-38.10391911380977,3.5779609329112083
-38.14339551612392,6.673194268832625
-38.19528557199622,3.8108685816714405
-38.20876785020718,8.509092377025736
-38.33055215277008,1.9129068388696466
-38.48403948014856,0.9323317263415452
-38.53154852119982,4.542884003966115
-38.54059994776807,7.675775621940181
-38.54467378007841,6.132032642738434
-38.59791850291818,2.6353252786988675
-39.15446968819882,6.724617699497743
-39.31121317285948,14.701773016266198
-39.39763006412673,30.166812190208525
-39.47567502540553,7.673640731094693
-39.54894364107225,6.498785084473059
-39.5912137715967,7.722342925862961
-39.6112433381285,0.6920367689300337
-39.8405625986896,2.5004918853638065
-39.996626160662174,19.582981010302106
-40.00834282421645,11.856760152949457
-40.25618334689116,15.595895543276825
-40.2810147781565,10.888864793625949
-40.303150858480606,11.87760028542443
-40.31072864872824,3.086390866930885
-40.339882391609805,0.6609150978099367
-40.427227157976326,4.328277774416243
-40.46950444645845,8.027653970450967
-40.47368727283096,3.69385703516257
-40.47513820786429,9.18207505084853
-40.53823221382122,1.716170577530119
-40.58870047497116,12.291506078216457
-40.60356646911743,18.12166011829855
-40.64217318906729,18.484486858073474
-40.68892096032838,4.145231386167086
-40.82716929438574,3.097876606018333
-41.07591704662369,-0.35078109769969457
-41.15008385040847,8.43295246474555
-41.17332102775742,3.1739360866532405
-41.190639963944776,5.935689025461574
-41.41459384509764,3.2575948161324395
-41.4382950977075,8.909747257485776
-41.470032988199904,2.0542349126360118
-41.47478508851593,13.045745377745748
-41.51466355340633,4.779754568329187
-41.66379246056325,3.6006364935484965
-41.667986987039775,6.955605145447874
-41.7551553635378,8.710967366765985
-41.76678125017933,15.036741029340616
-41.90497318534575,11.1832647137733
-42.00188388278662,25.247235297646075
-42.00990516159212,6.670472051421735
-42.15122025616623,13.813669138638144
-42.176424048036246,10.680703549514963
-42.20439559943184,6.0389892335561095
-42.23232941256696,2.381097421907244
-42.33360076897382,8.509807142307395
-42.34401149338892,11.85973297712887
-42.40823779804354,12.214686057398465
-42.44154901719512,2.129681297946857
-42.45438053442236,5.938046456127641
-42.67725438439051,1.8574545488010754
-42.824132796697,12.19614623523012
-42.87388454467325,8.42754779241813
-42.875073313990654,11.186114638271434
-42.88523013078181,5.20195627744213
-43.036083176600336,7.6403200918732495
-43.56721391178956,12.775650658838376
-43.57107043499273,14.487338771538909
-43.59010918904909,1.6413880879287237
-43.74399541799399,8.827919079150124
-43.810446109317766,6.283132261507191
-43.82804262604896,1.7290827281768844
-43.89787671900552,8.847583669858217
-44.19204388751533,17.607544525706864
-44.26189231161871,5.78745881100527
-44.3840369042986,9.508581120482587
-44.61682888745588,2.3789106733319363
-44.63303825413801,3.879458111555453
-44.83234719299984,1.296427171192993
-44.92141990692481,7.2588867053527295
-44.94086137444252,1.2909020347743572
-45.27198965044649,9.93706517988762
-45.2862669749327,3.406691269443015
-45.29411294112829,5.787253873151039
-45.31938714470077,18.42231420607613
-45.3297131744012,8.75754197249731
-45.33479317278122,9.787442984163349
-45.38385675902394,7.601189533949909
-45.48802741530838,4.610671547778257
-45.65510215437962,20.960900186425476
-45.93703168189773,18.444086577949385
-45.95245078490285,6.715448679557536
-45.97403839403862,6.10151763623533
-46.09706029789631,10.901864876067663
-46.12651099084876,5.327686689514389
-46.15939862023794,7.286023473129736
-46.24142857640264,1.275141618943632
-46.59874276877749,10.427617899508359
-46.6409611367085,14.990860734910013
-46.67941687731603,3.8074132444722784
-46.850354485651735,18.001583747955724
-47.01131247981751,6.640998923730702
-47.12429342605135,8.444686633642522
-47.30136081441452,8.830586263527385
-47.49744652688221,4.61428672801299
-47.77769033079933,4.019370238783096
-47.93726928105963,11.058405044187769
-48.75353460939284,8.990786138830323
-48.89440272943173,3.895978609633361
-49.06616263324129,22.69931210625713
-49.45247691429299,1.7064537536193218
-49.5756957745142,4.809006813248847
-49.68666874428852,9.65203319405973
-49.71765393085486,9.65709913117451
-49.8189900719028,16.48379478523623
-49.83875475541783,0.7437495652560075
-49.85908301879751,11.46298703683513
-50.370493715644656,5.451894651422338
-50.50287187199804,2.336223906443327
-50.50441480188103,16.099806343478846
-50.52040744384188,5.05494378030601
-50.60995556343215,5.017242148218829
-50.62073269521845,12.527753981297025
-50.6448485306185,8.98028153601168
-50.770978069335655,7.54717856637314
-50.83174885186276,6.4541657489913415
-50.88866989205759,11.170014306269545
-50.93054463677732,1.3480537815053664
-51.02729802147666,4.341921513779098
-51.14725334693232,16.476752512765163
-51.35715227383957,-0.09949031976696565
-51.47316570830576,11.733642864442512
-51.535434497634725,2.4885246655973443
-51.99240141795895,7.522282889437673
-52.13438562113144,3.4356931839765963
-52.20267054980286,14.000177481068727
-52.26038211096443,6.120896488160529
-52.7350653753328,4.430642746956085
-52.80677636783382,25.040267022445374
-52.95437187816833,2.6675157519766417
-53.07495500479726,8.098848457028582
-53.23926115114488,3.1027740372959123
-53.61347477245548,13.643766310138304
-53.76634386556261,10.595512715780504
-53.83514191743983,2.467824742014203
-54.16245047680184,8.483975117991294
-54.65974263971691,8.883440112065188
-55.23446980002139,6.858329547404189
-55.5578274418293,5.874156520237172
-56.12285370844175,-0.13022316579199256
-56.20818399226154,5.112219192049314
-56.57511357148012,16.466593101282847
-56.69862749286242,6.626207965735898
-56.81106744744727,11.613980755864551
-56.942140827030975,9.406636391393633
-57.35098351799234,9.37064138951881
-57.48892101290062,4.2631044639881654
-57.530622330263256,6.640861852020132
-57.57461256410073,8.346565989651719
-57.77010249181893,9.35036333376016
-57.81792910625026,4.187359440496779
-58.472001479101216,7.693521313443169
-58.62129557428416,4.501393012599454
-58.66201125099405,5.292800702224287
-58.748961589751325,10.836333693685495
-58.79658640908976,2.0690929326867877
-59.350777265268704,5.97572758664262
-59.442560723063394,11.7172304464005
-59.468819688373486,6.605002631196329
-59.54102535597176,6.272159422361435
-59.78864932706854,-1.0566762667595437
-60.62729792870242,1.4732512369938346
-61.10690601604996,1.548234915137879
-61.11872048457403,4.739273608478646
-61.49338348074258,8.735334471794129
-61.512902846081005,10.996077344920895
-61.65242099707499,13.390054885393873
-61.68776936592505,1.7301890902555992
-62.38988787737986,5.4460002383367065
-62.7170239544799,9.163509031957219
-62.99487336716029,7.492866028488426
-63.18520553098416,8.630449132437628
-63.53411274871483,2.3201833408591943
-64.65682879592948,5.998834918288493
-64.82768597102863,1.4657346324178717
-64.88461155129745,1.2017860925697685
-66.83431237863343,10.836861715941112
-67.51477251922766,5.331774529696691
-67.52531524993591,7.343533743627789
-67.70496786984337,2.183502331818894
-67.85985966910188,7.614137472582427
-68.18662796572139,3.458398826326588
-68.26521690774925,-0.49604865791548214
-68.92109448905335,13.523485620202667
-68.93925516132322,4.499672190844784
-69.25872140682112,15.546715737489382
-69.2625903909845,4.450620148707225
-69.89320417594433,26.554734780145818
-70.37916142622534,3.0395533104548136
-70.98485600542269,7.981884680407
-71.23599539077536,1.4580460410549065
-71.69756609904252,7.193420360710006
-72.08422059857696,6.553075643621847
-75.46415890252251,15.485612791301318
-78.07020118347408,11.921826378911605
-84.00720216848244,17.08772767826324
-93.4594013270722,5.005668574087032
-94.89641825264596,9.089509523836384
-98.04201703800535,10.637617667654833
-98.12084404465833,6.7937068790348825
